delhaize_name,english_query,pyfooda_match,pyfooda_alt1,pyfooda_alt2,manually_verified
"0,600 KG X",0 600 kg x,0,WONDER NOODLES 0 NET CARBS 0 CALORIES ZITI,0 CALORIE ASPARTAME SWEETENER,False
"0,870 KG X",0 870 kg x,0,WONDER NOODLES 0 NET CARBS 0 CALORIES ZITI,0 CALORIE ASPARTAME SWEETENER,False
"0,965 KG X",0 965 kg x,0,WONDER NOODLES 0 NET CARBS 0 CALORIES ZITI,0 CALORIE ASPARTAME SWEETENER,False
1 PATRON BUTTERNUT,1 patron butternut,"BUTTERNUT NOODLES, BUTTERNUT","BUTTERNUT NOODLES, BUTTERNUT","BUTTERNUT NOODLES, BUTTERNUT",False
"1,005 KG X 3,79/ KG",1 005 kg x 3 79 kg,SWORDFISH LOINS 2-6 KG,SWORDFISH LOINS 2-6 KG,SWORDFISH LOINS 2-6 KG,False
"1,125 KG X 1,95/ KG",1 125 kg x 1 95 kg,SWORDFISH LOINS 2-6 KG,SWORDFISH LOINS 2-6 KG,SWORDFISH LOINS 2-6 KG,False
"1,125 KG X 3,15/ KG",1 125 kg x 3 15 kg,SWORDFISH LOINS 2-6 KG,SWORDFISH LOINS 2-6 KG,SWORDFISH LOINS 2-6 KG,False
"1,240 KG X 2,99/ KG",1 240 kg x 2 99 kg,SWORDFISH LOINS 2-6 KG,SWORDFISH LOINS 2-6 KG,SWORDFISH LOINS 2-6 KG,False
"1,25 KG X",1 25 kg x,"Knot, Garlic, 1.0 oz., 2.5 x 1","Pancake, Bites, Poffitz, Bulk, 1.75 x 1",112 MINI CONE NEUTRAL SESAME 3 x 1,False
"1,640 KG X",1 640 kg x,"Knot, Garlic, 1.0 oz., 2.5 x 1","Pancake, Bites, Poffitz, Bulk, 1.75 x 1",112 MINI CONE NEUTRAL SESAME 3 x 1,False
1.25MARTYD,1 25martyd,1 TO 1 BAKING FLOUR,1 TO 1 BAKING FLOUR,1 TO 1 BAKING FLOUR,False
1.5KG SINASAPPEL PA,1 sinasappel pa,Gold'N'Spice PA Fillet,J-Crumb PA Tender,Original PA Fillet NAE,False
1.5L COCA REG PET,1 coca reg pet,PERRIER PET 500ML,PRECKD REG ENDS 2/5#,PRECKD REG RTS 300SL,False
1.5L GINI LEMON,1 gini lemon,1 LITER BOTTLE LEMON SELTZER,1 LITER BOTTLE LEMON SELTZER,LEMON,False
1.5L SCHWEPP MOJIT,1 schwepp mojit,1 TO 1 BAKING FLOUR,1 TO 1 BAKING FLOUR,1 TO 1 BAKING FLOUR,False
1.5L SCHWEPPES TON,1 tonic water ton,1 LITER BOTTLE TONIC WATER,1 LITER BOTTLE TONIC WATER,1 LITER BOTTLE TONIC WATER WITH LIME,False
1.5L VICHY CELEST,1 vichy celest,1 LITER BOTTLE VICHY WATER,1 LITER BOTTLE VICHY WATER,1 TO 1 BAKING FLOUR,False
10 M GEL LIEN FIX,10 m gel lien fix,"CHEESE FIX SNACK MIX, CHEESE FIX","CHEESE FIX SNACK MIX, CHEESE FIX","DR. M SODA, DR. M",False
100G COTE D'OR PAI,cote d or pai,"COTE D'OR, BELGIAN DARK CHOCOLATE",SUSHI COMBO D,VITAMIN D MILK,False
100G DLF 4 BOUCHEE,dlf 4 bouchee,"4 CHEESE RAVIOLI, 4 CHEESE","4 CHEESE RAVIOLI, 4 CHEESE","4 CHEESE SAUCE, 4 CHEESE",False
100G MKA CHOC LAIT,mka choc milk,MILK CHOC MLNO,6OZ MILANO MILK CHOC,SB MILK CHOC CHUNK,False
100GR JERUSAPOUSS,100gr jerusapouss,,,,False
100GR JEUNES POUS,100gr jeunes pous,,,,False
100GR JEUNES POUSS,100gr jeunes pouss,,,,False
100ML MERC 70%ALC,merc 70 alc,"Turkey Marsala, 70 OZ","Turkey Marsala, 70 OZ",CADBURY CHOCOLATE PIECES BUTTONS 70 GR,False
10X18.5G YOERRY,10x18 yoerry,,,,False
120G BLINI LEG BIO,blini leg bio,"LEG IMITATION CRAB, LEG",ZOO BIO PASTA,"LEG STYLE IMITATION CRAB, LEG STYLE",False
125G BOULES PAPRIK,boules paprik,ALL NATURAL SOUP BOULES,,,False
125G BUGLES PAPRIK,bugles paprik,Bugles Ranch CrnSncks,Bugles Ranch CrnSncks,Bugles Bold BBQ CrnSncks,False
125G CHIPS SEL,potato chips salt,NO SALT POTATO CHIPS,POTATO CHIPS SEA SALT,SEA SALT POTATO CHIPS,False
125G D365 MAQ TOUR,d365 maq tour,WORLD TOUR CANDY FAN,THE CHOCOLATE ICE CREAM TOUR,THE ICE CREAM TOUR CUPS,False
125G DLL CASSAVE,dll cassave,,,,False
125G DLL CRAC A,dll crac a,A,GRADE A,A COMPLETE BREAKFAST,False
125G EAGLES CHEESE,eagles cheese,PHILADELPHIA EAGLES BEEF FRANKS,PHILADELPHIA EAGLES BEEF FRANKS,CHEESE,False
125G HUGLES CHEESE,hugles cheese,CHEESE,CHEESE,CHEESE,False
125G HUGLES NATURE,hugles nature,NATURE FLAVORED WATER,NATURE TRAIL MIX,"NATURE BLESSED, BROCCOLI FLORETS",False
125G HUGLES PAPRIK,hugles paprik,,,,False
125GR MESCLUN,125gr mesclun,MESCLUN GOAT CHEESE SALAD,MESCLUN GOAT CHEESE SALAD,FRESH TOMATO & MOZZARELLA ON MESCLUN,False
12T KNOOR BOU POU,12t knoor bou pou,US MAGGI Bou Chicken Cubes 128ct,,,False
132G B-READY T6,b ready t6,"DR. B SODA, DR. B","DR. B SODA, DR. B","DR. B SODA, DR. B",False
140G POUSE MIX,pouse mix,MIX,MIX,MIX,False
140G ROCK SALT,rock salt,PINK ROCK SALT,ROCK ICE SALT,ROCK PINK SALT,False
15 DREFT ADM PLAT,15 dreft adm plat,"15 GRAIN BREAD, 15 GRAIN",15 BEAN SOUP,15 BEAN SOUP,False
15% REDUCTION,15 reduction,BALSAMIC REDUCTION,BALSAMIC REDUCTION,BALSAMIC REDUCTION SONOMA,False
150G MILKA CHO TUT,milka cho tut,MILKA CHOCOLATE,MILKA CHOCOLATE,HOT SAUCE PIMENT CHO,False
150ML REX COB DRY,rex cob dry,PURPLESAURUS REX FLAVORED DRINK,BROOKLYN COB,COB CORN,False
150ML REX QUANT DR,rex quant dr,PURPLESAURUS REX FLAVORED DRINK,DR PEPPER,DR TOPPER,False
16+,16,16 SANDWICH SINGLES,16 SANDWICH SLICES,"16 BEAN SOUP MIX, 16 BEAN",False
160G FEVES DE SOJA,feves de soy,"TAZAH, BROAD BEANS - FEVES","SOY CHORIZO, SOY","SOY SAUCE, SOY",False
165G PRINGLES ORIG,pringles orig,PRINGLES CRISPS ORIGINAL 12.6OZ,PRINGLES CRISPS ORIGINAL 18.9OZ,Pringles Crisps Original 1.3oz,False
"175GR CHICON GAST 3,00",175gr chicon gast 3 00,"Flour, 00","flour, 00",ORIGINAL NO. 00 KETTLE-COOKED POTATO CHIPS,False
175GR JEUNES POUSS,175gr jeunes pouss,,,,False
175GR JEUNES POUSSE,175gr jeunes pousse,,,,False
185G LAYS NATUREL,potato chips naturel,"AU NATUREL PURE HONEY GRANOLA, AU NATUREL",POTATO CHIPS,POTATO CHIPS,False
185G LAYS PAPRIKA,potato chips paprika,PAPRIKA,PAPRIKA,PAPRIKA,False
185G LAYS S&BL.DEP,potato chips s bl dep,POTATO CHIPS,POTATO CHIPS,POTATO CHIPS,False
185G LAYS S&BL.PEP,potato chips s bl pep,BLACK PEPPER POTATO CHIPS,BLACK PEPPER FLAVORED POTATO CHIPS,BLACK PEPPER & SEA SALT POTATO CHIPS,False
185G LAYS S&L.PEP,potato chips s l pep,BLACK PEPPER POTATO CHIPS,BLACK PEPPER FLAVORED POTATO CHIPS,HOT PEPPER KETTLE-STYLE POTATO CHIPS,False
185G LAYS S4BL PEP,potato chips s4bl pep,POTATO CHIPS,POTATO CHIPS,POTATO CHIPS,False
185G LAYS SABL.PEP,potato chips sabl pep,POTATO CHIPS,POTATO CHIPS,POTATO CHIPS,False
185G POIS CA,peas ca,"CADIA, ORGANIC PEAS","CADIA, SWEET PEAS",PEAS & CARROTS,False
185G SM NACHO TORTILLA,sm nacho tortilla,"NACHO TORTILLA CHIPS, NACHO",NACHO TORTILLA CHIPS,"TORTILLA CHIPS, NACHO",False
185G TORTIL CHILI,tortil chili,"TORTILLA CHIPS, CHILI","CHILI LIME TORTILLA CHIPS, CHILI LIME","CHILI LIME ROLLER TORTILLA CHIP, CHILI LIME",False
190G THIN ROMARIN,thin romarin,"THIN BREADSTICKS, THIN","THIN CRUST, THIN","THIN PRETZELS, THIN",False
1KG FARINE FERMENT,flour ferment,FLOUR,FLOUR,FLOUR,False
1KG TRESOR MILK,tresor milk,MILK,MILK,MILK,False
1ST B'BETJIME BIO,1st b betjime bio,ZOO BIO PASTA,"DR. B SODA, DR. B","DR. B SODA, DR. B",False
1TR CLASSIC BIO,1tr classic bio,ZOO BIO PASTA,BIO ACTIVE MANUKA HONEY,CLASSIC,False
2 X,2 x,Pieter's Dutch Salami 2 x 50g,"Brioche, Hamburger Buns, Sliced, 3.5 x 2","Brioche, Hamburger Buns, Sliced, 3.5 x 2",False
"2 X 1,99",2 x 1 99,56 PUFF PASTRY MINI HORN 1 x 2,Pieter's Dutch Salami 2 x 50g,"Knot, Garlic, 1.0 oz., 2.5 x 1",False
2 X 200G SM MINI TORTI,2 x sm mini torti,56 PUFF PASTRY MINI HORN 1 x 2,Pieter's Dutch Salami 2 x 50g,2 MINI NEON WORMS,False
2 X AVOCAT,2 x avocado,Pieter's Dutch Salami 2 x 50g,AVOCADO,AVOCADO,False
2+1 GRATUIT,2 1 gratuit,2 IN 1 SPOUT SPRINKLE MIX,SPLITS 2 IN 1 SOFT CHEWS,56 PUFF PASTRY MINI HORN 1 x 2,False
2+4 GRUUT,2 4 gruut,"Paczki, Bavarian, Retail, 4 Pack, 4 x 2","Paczki, Lemon, Retail, 4 Pack, 4 x 2","Paczki, Raspberry, Retail, 4 Pack, 4 x 2",False
20 F BECKMANN,20 f beckmann,RED F ONDANT,6.5/7.5OZ. F LOB TAILS,6.5/7.5OZ. F LOB TAILS,False
20 NO STRESS BIO,20 no stress bio,NO 20 MEZZI RIGATONI PASTA,ZOO BIO PASTA,BIO ACTIVE MANUKA HONEY,False
200G DE INSTANT GO,de instant go,TROPICAL TANGO INSTANT POWDER DRINK MIX,"GO GO GRAPEFRUIT KOMBUCHA, GO GO GRAPEFRUIT",GO CASHEWS!,False
200G DLL FOIS BIOL,dll fois biol,,,,False
200G DUUVIS CRAC A,duuvis crac a,A,GRADE A,A COMPLETE BREAKFAST,False
200G DUVIES CRAC A,duvies crac a,A,GRADE A,A COMPLETE BREAKFAST,False
200G DUYVIS CRAAC A,duyvis craac a,A,GRADE A,A COMPLETE BREAKFAST,False
200G DUYVIS CRAC A,duyvis crac a,A,GRADE A,A COMPLETE BREAKFAST,False
200G MEDAILLON DE VEAU,medaillon de veal,"VEAL DUMPLINGS, VEAL","VEAL DEMI GLACE, VEAL",GROUND VEAL,False
200G NUTELLA,nutella,NUTELLA FERRERO WITH BREADSTICKS,Nutella sandwich on wheat bread,Nutella sandwich on white bread,False
200G PETAIND JEU,petaind jeu,,,,False
200G SCROCCHI EP,scrocchi ep,SCROCCHI MIX,"SCROCCHI WITH ROSEMARY CRACKERS, SCROCCHI","SCROCCHI WITH SPELT CRACKERS, SCROCCHI",False
200G SCROCHI EP,scrochi ep,EP CIABATTA ROLLS,EP CLSSC CIABATTA,EP EUR BAGUETTE,False
200G SM MINI TORTI,sm mini torti,Dill Plank Sm 3/16,MINI,MINI,False
200GR EPINARD JEU,200gr spinach jeu,SPINACH,SPINACH,SPINACH,False
200GR GUACAMOLE EP,200gr guacamole ep,GUACAMOLE,GUACAMOLE,GUACAMOLE,False
200GR HOMMOUS,200gr hommous,HOMMOUS DIP,,,False
200GR HOUMOUS,200gr hummus,HUMMUS,HUMMUS,HUMMUS,False
200GR HUMOUS,200gr humous,,,,False
200GR NOCE NOTEN,200gr noce noten,,,,False
200GR. HOUMOUS,200gr hummus,HUMMUS,HUMMUS,HUMMUS,False
2025 GINGER BIO,2025 ginger bio,ZOO BIO PASTA,15+ BIO ACTIVE MANUKA HONEY WITH GINGER,GINGER,False
2040856010387,2040856010387,,,,False
205 POISSA RELAX BIO,205 poissa relax bio,RELAX JUICE,"RELAX TART CHERRY JUICE, RELAX",ORGANIC RELAX SHOT,False
205 ST OAL BIO,205 st oal bio,ZOO BIO PASTA,SCALLOP ST JACQUE,ST PATRICK'S CUPCAKES,False
2065 PEHL NEW BIO,2065 pehl new bio,ZOO BIO PASTA,BIO ACTIVE MANUKA HONEY,NEW KRAUT,False
20CL CAPR-SUN TROP,20cl capr sun trop,SPL SMTH TROP PINA,V8 ENGY TROP GRN,V8 SPL TROP BLD,False
2145,2145,,,,False
21EME A 1/2 PRIX,21eme a 1 2 prix,A,2 IN 1 SPOUT SPRINKLE MIX,SPLITS 2 IN 1 SOFT CHEWS,False
2208785009319,2208785009319,,,,False
220G PAIN,bread,BREAD,BREAD,BREAD,False
220G PAIN 8X,bread 8x,BREAD,BREAD,BREAD,False
224G GAUF VANI CHO,gauf vani cho,HOT SAUCE PIMENT CHO,"CARAMEL CAFFEINATED CHO CO LATE, CARAMEL",SFS CHO VEGETABLE WHL-WHT DUMPLING 2.5LB 8CT,False
2258760004037,2258760004037,,,,False
24 DLI BOUGIES,24 dli bougies,24 SAUSAGE PATTIES,"Banquet Chicken Patties, 24 Ounce, 24 OZ","Banquet Chicken Patties, 24 Ounce, 24 OZ",False
2400 G SANS GL/LAC,2400 g sans gl lac,Hubert'sPnApGgrLmd(NC)  16OZA GL BT,"HONEY G CRAFT GIARDINIERA, HONEY G",G FUEL PEWDIEPIE,False
240G GAUF VANI CHO,gauf vani cho,HOT SAUCE PIMENT CHO,"CARAMEL CAFFEINATED CHO CO LATE, CARAMEL",SFS CHO VEGETABLE WHL-WHT DUMPLING 2.5LB 8CT,False
250G CRUNCHY BIO,crunchy bio,ZOO BIO PASTA,BIO ACTIVE MANUKA HONEY,"CRUNCHY GHERKINS, CRUNCHY",False
250G DLI TORT RIC,dli tort ric,ENRICHED RIC,MEDOVIK  TORT,MEDOVIK  TORT,False
250G DLL FRAISES,dll strawberry,STRAWBERRY,STRAWBERRY,STRAWBERRY,False
250G DLL FRAMBOISE,dll raspberry,RASPBERRY,RASPBERRY,"RASPBERRY APPLESAUCE, RASPBERRY",False
250G DLL MYRTILLES,dll blueberry,BLUEBERRY,BLUEBERRY,BLUEBERRY,False
250G DLL NICARAGUA,dll nicaragua,85% NICARAGUA ORGANIC DARK CHOCOLATE,,,False
250G DLL TOA CHEST,dll toa chest,,,,False
250G DLL TOA ROMARIN,dll toa romarin,,,,False
250G DLL TORI RIC,dll tori ric,ENRICHED RIC,,,False
250G DLL TORRICOLO TOM,dll torricolo tom,"TOM TOM SAUCE, TOM TOM",TOM TOM SAUCE,Tom Collins,False
250G DLL TORT RIC,dll tort ric,ENRICHED RIC,MEDOVIK  TORT,MEDOVIK  TORT,False
250G L28 BRAZIL,l28 brazil,"BRAZIL NUTS, BRAZIL","BRAZIL NUTS, BRAZIL","BRAZIL NUTS, BRAZIL",False
250G L28 INDONESIA,l28 indonesia,,,,False
250G LAVAZZA ROMA,lavazza roma,"ROMA DICED TOMATOES, ROMA","ROMA TOMATOES PASTE, ROMA",ROMA BLEND,False
250G MKA MELO CAKE,mka melo cake,CAKE,CAKE,CAKE,False
250G NOCCIOLAT BIO,nocciolat bio,ZOO BIO PASTA,BIO ACTIVE MANUKA HONEY,10+ BIO ACTIVE MANUKA HONEY,False
250G PATE TARTINER,pasta tartiner,PASTA,PASTA,PASTA,False
250G PEST BASIL,pest basil,"BASIL PESTO, BASIL","BASIL PESTO, BASIL","BASIL PESTO, BASIL",False
250G TORRICOLO TOM,torricolo tom,"TOM TOM SAUCE, TOM TOM",TOM TOM SAUCE,Tom Collins,False
250G TORTELLO TOM,tortello tom,"TOM TOM SAUCE, TOM TOM",TOM TOM SAUCE,Tom Collins,False
250GR TOGRELLO TOM,250gr togrello tom,"TOM TOM SAUCE, TOM TOM",TOM TOM SAUCE,Tom Collins,False
250ML AXE SG MOJIT,axe sg mojit,144 ROULES 1 SG,56 SUGARED CREAM HORN SG 4.75,27 GLUTEN FREE SHELL NEUTRAL 3.25 SG,False
250ML H.OLIVE CITR,h olive citr,CAFE H CARNITA MEAT,CAFE H CARNITA MEAT,CAFE H CARNITA MEAT,False
250ML HO HERB ITAL,ho herb ital,HO HO HO EDIBLE CONFETTI,"ITALIAN HERB ARTICHOKE BURGERS, ITALIAN HERB","Whole Grain Italian Herb Pocket Thin, 2.00oz",False
250ML REAL MAYO SQ,real mayo sq,MAYO REAL MAYONNAISE SQUEEZE,SQUEEZABLE MAYO REAL MAYONNAISE,REAL MAYO,False
255G DLL TOAST,dll toast bread,FRENCH TOAST BREAD,TEXAS TOAST BREAD,TEXAS TOAST BREAD,False
25CL CORE ZERO PET,25cl core zero pet,PINEAPPLE CORE,PINEAPPLE CORE,"FUDGE CORE SUNDAE CONES, FUDGE CORE",False
25G LIME GRILLS,lime grills,"LIME COLA, LIME","LIME COLA, LIME","LIME CURD, LIME",False
28 TENA ULT MINI,28 tena ult mini,TENA FIGS,"PCC, ORGANIC FIGS, TENA VARIETY","WHOLE FOODS MARKET, TENA FIGS",False
280G DLL ARTICH GR,dll artich gr,BASSETTS CANDY 130.000 GR,BASSETTS CANDY 130.000 GR,BASSETTS CANDY 760 GR,False
286G FITNESS BAGUE,fitness bague,FITNESS MIX,FITNESS MIX,FITNESS MIX,False
2IEME A 1/2 PRIX,2ieme a 1 2 prix,A,2 IN 1 SPOUT SPRINKLE MIX,SPLITS 2 IN 1 SOFT CHEWS,False
2PC MINI CAKE CHO,2pc mini cake cho,MINI CAKE,HOT SAUCE PIMENT CHO,MINI BUNDT CAKE,False
2R DIL ESS TT DEC,2r dil ess tt dec,SUPER JUMBO DIL PICKLE,1/4 CHOC CAKE/CHOC ICED DEC,1/4 CHOC CAKE/WHITE ICED DEC,False
2X90G HAR. RO 0%SE,2x90g har ro 0 se,0,WONDER NOODLES 0 NET CARBS 0 CALORIES ZITI,0 CALORIE ASPARTAME SWEETENER,False
2X90G LENTIL 0%SEL,2x90g lentil 0 salt,0,SEA SALT LENTIL CHIPS,SEA SALT LENTIL CHIPS,False
3 MOUSQUET NOIS BIO,3 mousquet nois bio,ZOO BIO PASTA,BIO ACTIVE MANUKA HONEY,10+ BIO ACTIVE MANUKA HONEY,False
3 X 1.55,3 x 1 55,3 X 3 BREAKFAST BURRITO,112 MINI CONE NEUTRAL SESAME 3 x 1,"Brioche, Hamburger Roll, 3 x 3",False
3+1 GRATUIT,3 1 gratuit,1 serving = 3 oz.,3 IN 1 CANDY + DISPENSER,3 IN 1 INSTANT COFFEE MIX,False
300G COTE D OR PAT,cote d or pat,"COTE D'OR, BELGIAN DARK CHOCOLATE",SUSHI COMBO D,VITAMIN D MILK,False
300G DLL CARE PATE,dll care pasta,BOSTON CARE SUGAR,THE ORIGINAL ICE CREAM CARE,"VANILLA FONDANT CARE ICING, VANILLA",False
300G FLOC AVOI BIO,floc avoi bio,ZOO BIO PASTA,BIO ACTIVE MANUKA HONEY,10+ BIO ACTIVE MANUKA HONEY,False
300G LECHE,leche,LECHE CONDENSADA,LECHE CITAS CARAMEL CUBES,LECHE CITAS CARAMEL CUBES,False
300G LOTUS JUM GAU,lotus jum gau,LOTUS CHIPS,"LOTUS ROOT CHIPS, LOTUS ROOT",LOTUS BISCOFF COOKIES,False
300G NUTELLA,nutella,NUTELLA FERRERO WITH BREADSTICKS,Nutella sandwich on wheat bread,Nutella sandwich on white bread,False
300G POMME PINK LAD,apple pink lad,"PINK LADY APPLE KOMBUCHA, PINK LADY APPLE","PINK LADY APPLE KOMBUCHA, PINK LADY APPLE","PINK LADY APPLE KOMBUCHA, PINK LADY APPLE",False
300G SW WIT NOUILL,sw wit nouill,"WIZ WIT FLAVORED POTATO CHIPS, WIZ WIT",CHICKEN MARSALA WIT HLINGUINE,WY SW STY CKN 11.1OZ,False
300NL SAMOURAI SQ,300nl samourai sq,"R.W. BAKERS CO, GLUTEN FREE SQ PIZZA CRUST",,,False
325G EPERCAC CREME,epercac cream,CREAM,"CREAM BISCOFF, CREAM","CREAM CHEESE, CREAM",False
325G PAT CAC CREME,pat cac cream,CREAM,"CREAM BISCOFF, CREAM","CREAM CHEESE, CREAM",False
"325G PAT CAC CREME 4,19",pat cac cream 4 19,"19 GRAIN BREAD, 19 GRAIN",19 GRAIN BREAD,4 ICE CREAM SANDWICHES,False
32CL MOGU MOGU FR,32cl mogu mogu fr,MOGU MOGU SAUCE & DRESSING,"MOGU MOGU, APPLE JUICE","MOGU MOGU, LYCHEE JUICE, LYCHEE",False
33C CANADA DRY CAN,33c canada dry can,CANADA CANDY,CANADA MINTS,CANADA MINTS,False
33CL LA CHOUFFE,33cl la chouffe,PALM 33cl,RODENBACH 33cl,RODENBACH Grand Cru 33cl,False
33CL SCH GINGER AL,33cl sch ginger al,PALM 33cl,RODENBACH 33cl,RODENBACH Grand Cru 33cl,False
33CL SCHW MOJITO Z,33cl schw mojito z,PALM 33cl,RODENBACH 33cl,Mojito,False
33CL SCHWEPPES TON,33cl tonic water ton,TONIC WATER,TONIC WATER,TONIC WATER,False
340G PAIN TOM KET,bread tom ket,"TOM TOM SAUCE, TOM TOM",TOM TOM SAUCE,Tom Collins,False
342G HEINZ TOM KET,heinz tom ket,HEINZ TOMATO KETCHUP,HEINZ TOMATO KETCHUP,"HEINZ TOMATO KETCHUP, 20 OZ",False
342G HELNZ TOM KET,helnz tom ket,"TOM TOM SAUCE, TOM TOM",TOM TOM SAUCE,Tom Collins,False
350G BG GRANOLA,bg granola,GRANOLA,GRANOLA,GRANOLA,False
350G CACAH/CACAO,cacah cacao,CACAO,"CACAO BUTTER, CACAO",CACAO BEVERAGE,False
350G CHOCO-CARAMEL,choco caramel,"CHOCO CARAMEL COOKIE TARTS, CHOCO CARAMEL","CHOCO LEIBNIZ, CARAMEL","CARAMEL CHOCOLATE, CARAMEL",False
350G DLL MIEL BIO,dll honey bio,BIO ACTIVE MANUKA HONEY,10+ BIO ACTIVE MANUKA HONEY,15+ BIO ACTIVE MANUKA HONEY,False
350G GRANOLA CHOC,granola choc,"CHOC CHIP CHEWY GRANOLA BARS, CHOC CHIP",NV Oats N Dark Choc Granola,"GRANOLA CHOCOLATE, GRANOLA",False
350G HG GRANOLA,hg granola,GRANOLA,GRANOLA,GRANOLA,False
35G MEDIT HERB MIX,medit herb mix,"GREEK YOGURT DIP MIX, MEDITERRANEAN HERB",HERB MIX,HERB FLOWERS MIX,False
360G CRUNCHY CREAM,crunchy cream,CRUNCHY ICE CREAM CONES,COOKIES 'N CREAM CRUNCHY CORN SNACKS,"MINI CRUNCHY VANILLA ICE CREAM BAR, VANILLA",False
364ML DOUX REM MERV,doux rem merv,"DOUX SOUTH, CREOLE MUSTARD","DOUX SOUTH, PICKLED BLACK-EYED PEAS","DOUX SOUTH, SPICY CUCUMBER PICKLES",False
365 HARICOTS V COU,365 green beans v cou,GREEN BEANS,GREEN BEANS,GREEN BEANS,False
375G CHOCO LAIT,choco milk,MILK CHOCO BLOCK,"MILK CHOCOLATE, CHOCO","CHOCO MINIS MILK CHOCOLATE, CHOCO MINIS",False
375G XTRA CHO NOIR,xtra cho noir,CHOCOLAT NOIR,PINOT NOIR,PINOT NOIR,False
380G VERMICEL LAIT,vermicel milk,MILK,MILK,MILK,False
390G VERMICEL LAIT,vermicel milk,MILK,MILK,MILK,False
3X200G DELH CAROTT,3x200g delh carott,,,,False
3X200G THON NATURE,3x200g tuna nature,TUNA,TUNA,NATURE FLAVORED WATER,False
3X400G TOMAT PEL C,3x400g tomat pel c,C LOAF,DR. C,CURRY POWDER C,False
4 STUK,4 stuk,"4 CHEESE RAVIOLI, 4 CHEESE","4 CHEESE RAVIOLI, 4 CHEESE","4 CHEESE SAUCE, 4 CHEESE",False
4 X,4 x,"4 X STICKY TOFFEE LAVA CAKES, STICKY TOFFEE","SAUSAGE CHUBS,TRIMMINGS 4 X 5#","Paczki, Bavarian, Retail, 4 Pack, 4 x 2",False
"4 X 1,39",4 x 1 39,"SAUSAGE CHUBS,TRIMMINGS 4 X 5#","Paczki, Bavarian, Retail, 4 Pack, 4 x 2","Paczki, Lemon, Retail, 4 Pack, 4 x 2",False
"4 X 1,89",4 x 1 89,RIGATONI 89,"SAUSAGE CHUBS,TRIMMINGS 4 X 5#","Paczki, Bavarian, Retail, 4 Pack, 4 x 2",False
4 X 1L APEROL,4 x aperol,"SAUSAGE CHUBS,TRIMMINGS 4 X 5#","Paczki, Bavarian, Retail, 4 Pack, 4 x 2","Paczki, Lemon, Retail, 4 Pack, 4 x 2",False
400G BICARBONATE,bicarbonate,,,,False
400G DLI PATE NOIS,dli pasta nois,PASTA,PASTA,PASTA,False
400G DLL PATE NOI,dll pasta noi,PASTA,PASTA,PASTA,False
400G DLL PATE NOIS,dll pasta nois,PASTA,PASTA,PASTA,False
400G EXQUISE BAG,exquise bag,BAG O POPS,BAG O POPS,BIG BAG MINIS,False
400G HEBEI LOOPS,hebei loops,"FROOT LOOPS FLAVORED GUMMIES, FROOT LOOPS","FROOT LOOPS TOASTER PASTRIES, FROOT LOOPS","FROOT LOOPS TOASTER PASTRIES, FROOT LOOPS",False
400G HONEY LOOPS,honey loops,"OAT LOOPS WITH HONEY CEREAL, HONEY","FROOT LOOPS FLAVORED GUMMIES, FROOT LOOPS","FROOT LOOPS TOASTER PASTRIES, FROOT LOOPS",False
400G MUC DUCHE DDL,muc duche ddl,Kho Muc Dried Squid 100g,,,False
400G NUTELLA,nutella,NUTELLA FERRERO WITH BREADSTICKS,Nutella sandwich on wheat bread,Nutella sandwich on white bread,False
400G PATE NOI CRU,pasta noi cru,GRAND CRU OLIVE OIL,RODENBACH Grand Cru 33cl,RODENBACH Grand Cru 75cl,False
400G PATE NOIS CRU,pasta nois cru,GRAND CRU OLIVE OIL,RODENBACH Grand Cru 33cl,RODENBACH Grand Cru 75cl,False
400G SAUMON FUM NOR,salmon fum nor,"NOR CAL RAW & UNFILTERED HONEY, NOR CAL","NOR CAL RAW & UNFILTERED HONEY, NOR CAL",SALMON,False
400G TOM.CRISES,tom crises,"TOM TOM SAUCE, TOM TOM",TOM TOM SAUCE,Tom Collins,False
400G TRAGSTE BROOD P,tragste brood p,P & P LOAF,S + P BLEND,"P & P LOAF MADE WITH CHICKEN, BEEF, PORK",False
400GR TOM CERISES,400gr tom cherry,"TOM TOM SAUCE, TOM TOM",TOM TOM SAUCE,Tom Collins,False
400GR TOM.CRISES,400gr tom crises,"TOM TOM SAUCE, TOM TOM",TOM TOM SAUCE,Tom Collins,False
400ML LAIT DE COCO,milk de coco,LECHE DE COCO COCONUT MILK,COCONUT MILK DRINK WITH NATA DE COCO,CRME DE COCONUT FILLED MILK CHOCOLATE,False
40G DLL PATE NOI,dll pasta noi,PASTA,PASTA,PASTA,False
40G MELANGE 5 BAIE,melange 5 baie,"MELANGE PEPPERCORN, MELANGE",FRUIT MELANGE,PEPPERCORN MELANGE,False
450001507142,450001507142,,,,False
450G DIL BOIS BIOL,dil bois biol,SUPER JUMBO DIL PICKLE,,,False
450G DLL POIS BIOL,dll peas biol,PEAS,PEAS,PEAS,False
450G DLT FOIS BIOL,dlt fois biol,,,,False
450G MINI ROSTI,mini rosti,ROSTI,"MINI BROWNIES WITH FROSTING, MINI BROWNIES",MINI BROWINES WITH FROSTING,False
450G NESQUIK CEREA,nesquik cerea,NESQUIK Vanilla Lowfat Milk 14 fl oz Bottle,NESQUIK Vanilla Lowfat Milk 14 fl oz Bottle,,False
450G NESSTIX CEREA,nesstix cerea,,,,False
450G QUAK MEUS NOI,quak meus noi,,,,False
450G QUAK MUE MULT,quak mue mult,,,,False
450G SKYR NATURE,skyr nature,SKYR,SKYR SMOOTHIE,TRADITIONAL SKYR,False
4OOG NUTELLA,4oog nutella,NUTELLA FERRERO WITH BREADSTICKS,FILLED WITH NUTELLA CRISPY WAFER,FILLED WITH NUTELLA CRISPY WAFER,False
4X125GR ACTIVIA Y.,4x125gr activia y,ACTIVIA PROBIOTIC DRINK,CHOCOLATE Y FRESA,DULCES Y BOTANAS,False
4X4G DOUBLE LAIT,4x4g double milk,DOUBLE DIPPERS MILK CHOCOLATE,MILK CHOCOLATE DOUBLE DIPPERS,DOUBLE CHEESEBURGER,False
4X50G DLL PAIN BIO,4x50g dll bread bio,ZOO BIO PASTA,BIO ACTIVE MANUKA HONEY,BREAD,False
500 POCHETTES PERF,500 pochettes perf,"MVSPNG WATER,SPARKLING,GLASS 500 ML","PEPSI SODA, 500 ML",CADBURY CHOCOLATE DRINK 500 GR,False
500G COUSCOUS PERL,couscous perl,COUSCOUS,COUSCOUS,COUSCOUS,False
500G DE CECCO GNOC,de cecco gnoc,"DE CECCO, POTATO GNOCCHI NO. 401",Atole de avena,Atole de chocolate,False
500G DE CECCO RADI,de cecco radi,Atole de avena,Atole de chocolate,CALDO DE CAMARON,False
500G DLL BIO SPAGH,dll bio spagh,ZOO BIO PASTA,BIO ACTIVE MANUKA HONEY,10+ BIO ACTIVE MANUKA HONEY,False
500G ESRP GRAINS,esrp grains,ANCIENT GRAINS,ANCIENT GRAINS,SUPER GRAINS,False
500G MACCHERONI,maccheroni,"VODKA MACCHERONI SAUCE, VODKA MACCHERONI","ITALIAN MACARONI PRODUCT, MACCHERONI","VODKA MACCHERONI SAUCE, VODKA",False
500G MIX 7 LAIT CHO,mix 7 milk cho,HOT SAUCE PIMENT CHO,7 CAKE,PEANUT BUTTER 7 MILK CHOCOLATE,False
500G PEST AL EBR,pest al ebr,"AL PASTOR COOKING SAUCE, AL PASTOR","AL PASTOR TACO SEASONING, AL PASTOR","DAIS, COOKIES, AL MANDARINO, AL MANDARINO",False
500G ROMB DESSERT,romb dessert,DESSERT,DESSERT,ALMOND DESSERT,False
500G SP 3X LAIT CHO,sp 3x milk cho,HOT SAUCE PIMENT CHO,SALMON ROLL SP,3X CONCENTRATE COLD BREW COFFEE,False
500G SP K LAIT CHO,sp k milk cho,"MILK CHOCOLATE SPOON, MILK CHOCOLATE","MILK CHOCOLATE SPREAD, MILK CHOCOLATE","SPONGEBOB SQUAREPANTS, MILK CHOCOLATE, MILK",False
500GR L RIS GRAI,500gr l ris grai,LAUREL- LAURUS NOBLIS L,1 L BOTTLE PEACH SELTZER,1 L BOTTLE PEACH SELTZER,False
500ML BECEL HUILE,becel oil,OIL,ALMOND OIL,ALMOND OIL,False
500ML DLL MAYO OEU,dll mayo oeu,MAYO,MAYO,MAYO,False
500ML ERA SIRO BIO,era siro bio,ZOO BIO PASTA,BIO ACTIVE MANUKA HONEY,10+ BIO ACTIVE MANUKA HONEY,False
500ML HEINZ KETCH,heinz ketch,HEINZ TOMATO KETCHUP,HEINZ TOMATO KETCHUP,"POTATO CHIPS, HEINZ KETCHUP",False
500ML OLIV EX,oliv ex,GF MIX EX CHED PRETZ RESEAL,HSW Fh Bratwurst ex wt 6/1.25#,11.5OZ GF MIX EX CHED PRETZ RESEAL,False
50C COCA COLA REG.,50c coca cola reg,COLA,COLA,COLA,False
50CC SQC CANE C FT,50cc sqc cane c ft,C LOAF,DR. C,GOLDEN C PURE CANE BROWN SUGAR,False
580G CHOCOS,chocos,,,,False
5G SM SAFFRAN,sm saffran,Dill Plank Sm 3/16,BC SM ButterRecipe Yellow CkMx,VERY VEGGIE PLATTER SM BR,False
"6 BOULES X 3,75/ KG",6 boules x 3 75 kg,3 X 3 BREAKFAST BURRITO,"Brioche, Hamburger Roll, 3 x 3","Brioche, Hamburger Roll, 3 x 3",False
6 PAINS HAMBURGER,6 pains hamburger,HAMBURGER,HAMBURGER,HAMBURGER,False
6 SM WRAP TORTILLA,6 sm wrap tortilla,TORTILLA WRAP KIT,BREAKFAST WRAP,CLUB WRAP,False
6 WHARS DE BLE,6 whars de wheat,6 WHOLE WHEAT ROLLS,6 WHOLE WHEAT TORTILLAS,CHICHARRON DE HARINA WHEAT PELLETS,False
6 WRAPS DE BLE,6 wrap tortilla de wheat,TORTILLA WRAP KIT,WHEAT TORTILLA,"WHEAT TORTILLA WRAPS, WHEAT",False
600G DFL POMME PIN,dfl apple pin,"VIDERI, TWO PIN PEPPERCORN CHOCOLATE BARS",APPLE,APPLE,False
600G GAUFFRE POT,gauffre pot,POT PIE,POT PIE,POT PIE,False
600G PM DUCH DIL,pm duch dil,SUPER JUMBO DIL PICKLE,,,False
600G POM DUCH DLL,pom duch dll,"BLUE POM ACAI YERBA MATE, BLUE POM ACAI",FUJI POM BLEND JUICE,V8 ENGY POM BLUE,False
60G MEDIT HERB MIX,medit herb mix,"GREEK YOGURT DIP MIX, MEDITERRANEAN HERB",HERB MIX,HERB FLOWERS MIX,False
60ML TAB PIME ROUG,tab pime roug,SJ GNT TAB 2/24/.97Z,SJ MNSTR TAB 2/18/1.94Z,MAGGI Chicken Bouillon Tab 12ct Carton,False
6BC POMME PINK LAD,6bc apple pink lad,"PINK LADY APPLE KOMBUCHA, PINK LADY APPLE","PINK LADY APPLE KOMBUCHA, PINK LADY APPLE","PINK LADY APPLE KOMBUCHA, PINK LADY APPLE",False
6PC POMME PINK LAD,6pc apple pink lad,"PINK LADY APPLE KOMBUCHA, PINK LADY APPLE","PINK LADY APPLE KOMBUCHA, PINK LADY APPLE","PINK LADY APPLE KOMBUCHA, PINK LADY APPLE",False
6PC POMME PINK LADY,6pc apple pink lady,"PINK LADY APPLE KOMBUCHA, PINK LADY APPLE","PINK LADY APPLE KOMBUCHA, PINK LADY APPLE","PINK LADY APPLE KOMBUCHA, PINK LADY APPLE",False
6PC PUREE BELGE,6pc puree belge,PUREE,PUREE,BASIL PUREE,False
6X1L SANPELLEGRINO,6x1l sparkling water,SPARKLING WATER,SPARKLING WATER,SPARKLING WATER,False
6X25CL APPLETISER,6x25cl appletiser,,,,False
6X25CL CRISTAL ORI,6x25cl cristal ori,CRISTAL BAGEL BUN,HONEY + AJI CRISTAL,SEA SALT FINE CRISTAL,False
6X25CL JUPILER 0.6E,6x25cl jupiler 0 6e,0,WONDER NOODLES 0 NET CARBS 0 CALORIES ZITI,0 CALORIE ASPARTAME SWEETENER,False
6X25CL JUPILER BAS,6x25cl jupiler bas,CPB HS HR TOM BAS,CPB NAT TOM W BAS,WY SIP TOM SWT BAS,False
6X33 SCHWEPPES LEM,6x33 tonic water lem,TONIC WATER,TONIC WATER,TONIC WATER,False
6X33C CANADA DRY,6x33c canada dry,CANADA CANDY,CANADA MINTS,CANADA MINTS,False
6X33CL 7UP,6x33cl 7up,"7UP LEMON LIME CAKE, LEMON LIME",,,False
6X33CL CANADA DRY,6x33cl canada dry,CANADA CANDY,CANADA MINTS,CANADA MINTS,False
6X33CL HOEG 0.0 CA,6x33cl hoeg 0 0 ca,0,WONDER NOODLES 0 NET CARBS 0 CALORIES ZITI,0 CALORIE ASPARTAME SWEETENER,False
6X33CL LEFFE 0.0 C,6x33cl leffe 0 0 c,0,WONDER NOODLES 0 NET CARBS 0 CALORIES ZITI,0 CALORIE ASPARTAME SWEETENER,False
6X33CL SCH GINGER,6x33cl sch ginger,GINGER,GINGER,GINGER,False
6X33CL SCHWEPPES M,6x33cl tonic water m,TONIC WATER,TONIC WATER,TONIC WATER,False
6X33CL SCHWEPPES T,6x33cl tonic water t,TONIC WATER,TONIC WATER,TONIC WATER,False
6X55ML MAGNUM ALMO,6x55ml magnum almo,,,,False
6XSCHWEPPES MOJITO,6xschweppes mojito,Mojito,"MOJITO PASTILLES, MOJITO","MOJITO COCKTAIL MIXER, MOJITO",False
70G PATE CURRY JAU,pasta curry jau,CURRY,CURRY,CURRY,False
75 CROZES HERM GAL,75 crozes herm gal,GAL GAL CRACKERS,"ONION GAL GAL CRACKERS, ONION GAL GAL","GAL GAL CRACKERS, ORIGINAL",False
75 NUVOOLA 19R BIO,75 nuvoola 19r bio,ZOO BIO PASTA,ROTINI NO. 75 PASTA,ROTINI NO. 75 PASTA,False
75 ROSE MONTAUR18R,75 rose montaur18r,"ROSE WATER, ROSE","ROSE WATER, ROSE",ROTINI NO. 75 PASTA,False
750G DLL PATE NOI,dll pasta noi,PASTA,PASTA,PASTA,False
750G DLL SEL MA IO,dll salt ma io,"DAK'S SPICES, BLACKENED, LOOK MA NO SALT","MA BAENSCH, WINE SAUCE","MA COHEN'S, HORSERADISH SAUCE",False
750G MCC DUCHESSE,mcc duchesse,,,,False
750G NUTELLA,nutella,NUTELLA FERRERO WITH BREADSTICKS,Nutella sandwich on wheat bread,Nutella sandwich on white bread,False
750G POMMES NOISET,apple noiset,APPLE,APPLE,APPLE,False
750G PUREE BELGE,puree belge,PUREE,PUREE,BASIL PUREE,False
750G ROSET,roset,,,,False
750G ROSTY,rosty,,,,False
75CL PROSECCO DOC,75cl prosecco doc,RODENBACH 75cl,"DOC POP PREBIOTIC SODA, DOC POP","PROSECCO WINE VINEGAR, PROSECCO",False
75G CHIPS POIS BIO,potato chips peas bio,POTATO CHIPS,POTATO CHIPS,POTATO CHIPS,False
800G HARIC VER COU,haric ver cou,APRCT RSBRY VER,,,False
80G PROSC PARMA,prosc parma,DI PARMA PROSCIUTTO,PROSCIUTTO DI PARMA,PROSCIUTTO DI PARMA,False
"9 X 1,45",9 x 1 45,"Knot, Garlic, 1.0 oz., 2.5 x 1","Pancake, Bites, Poffitz, Bulk, 1.75 x 1",112 MINI CONE NEUTRAL SESAME 3 x 1,False
ACDC FILET POULET,acdc filet chicken,CHICKEN BREAST FILET,FILET MIGNON,TENDERLOIN FILET,False
ACTIV 4X125 0% FRA,activ 4x125 0 fra,0,"FRA D'AVOLO SAUCE, FRA D'AVOLO","FRA DIAVLO SAUCE, FRA DIAVLO",False
ACTIVIA MAXI MA,activia maxi ma,ACTIVIA PROBIOTIC DRINK,ACTIVIA GREEK NONFAT YOGURT,"MA BAENSCH, WINE SAUCE",False
ACTIVIA YOG ENT NA,activia yog ent na,ACTIVIA PROBIOTIC DRINK,ACTIVIA GREEK NONFAT YOGURT,ACTIVIA LT BLUE/STR/PCH 24X40Z CLUB,False
AIGUILLETTE DINDE,aiguillette turkey,TURKEY,TURKEY,TURKEY,False
ANCIENT SOLDE DE POINTS,ancient solde de points,ANCIENT GRAIN,ANCIENT GRAINS,ANCIENT GRAINS,False
APPEL PINK LADY 6P,appel pink lady 6p,"PINK LADY APPLES, PINK LADY","PINK LADY MICHIGAN APPLES, PINK LADY","PINK LADY ORGANIC APPLES, PINK LADY",False
APPRE PINEA LADY 6P,appre pinea lady 6p,LADY FINGERS,LADY FINGERS,LADY FINGERS,False
AUBEL BEURRE 500G,aubel butter,BUTTER,BUTTER,BUTTER,False
AUBER BEURRE 500G,auber butter,BUTTER,BUTTER,BUTTER,False
AUBERGINE GRAFFITI,eggplant graffiti,EGGPLANT,EGGPLANT,"EGGPLANT BABAGANUSH, EGGPLANT",False
AUBERGINES,eggplant,EGGPLANT,EGGPLANT,"EGGPLANT BABAGANUSH, EGGPLANT",False
AVANTAGES,avantages,,,,False
AVANTAGES MANGUE,avantages mango,MANGO,MANGO,MANGO,False
AVOCAI,avocai,,,,False
AVOCAT,avocado,AVOCADO,AVOCADO,"AVOCADO CHUNKS, AVOCADO",False
BAGUETTE BEAU,baguette beau,"BEAU MONDE SEASONING, BEAU MONDE","BEAU MONDE SEASONING, BEAU MONDE",BAGUETTE,False
BALADE CREME 1L,balade cream,CREAM,"CREAM BISCOFF, CREAM","CREAM CHEESE, CREAM",False
BANANEN,bananen,,,,False
BANANES,banana,BANANA,BANANA,"BANANA  MUFFINS, BANANA",False
BANCONTACT,bancontact,,,,False
BARILLA SPAGHETTI5,barilla spaghetti5,BARILLA WHOLE GRAIN LINGUINE,"ACADEMIA BARILLA, FARFALLE BARILLA PASTA","BARILLA MULINO BIANCO GALLETTI, 6.34 OZ",False
BASILIC 20G,basilic,,,,False
BASILIC EN POT BIO,basilic en pot bio,ZOO BIO PASTA,BRIE EN CROUTE,BRIE EN CROUTE,False
BATEIN ROUGE SA PE,batein rouge sa pe,"ROUGE GOURMET CHEESE, ROUGE",LAK SA PASTE,ROUGE WASHED-RIND CHEESE,False
BEBILIN POT BIO,bebilin pot bio,ZOO BIO PASTA,BIO ACTIVE MANUKA HONEY,POT PIE,False
BECKMANN D. FRUITS,beckmann d fruits,FRUITS MIX,FRUITS PIES,FRUITS SNACKS,False
BECKMANN D.GRAISSE,beckmann d graisse,SUSHI COMBO D,VITAMIN D MILK,VITAMIN D MILK,False
BEN RIZ COMPLET,ben rice complet,"PRESERVE, BEN LEAR CRANBERRY",RICE,RICE,False
BEURRE 500G,butter,BUTTER,BUTTER,BUTTER,False
BIG MEG 100GR,big meg 100gr,BIG BISCUIT,BIG BURRITO,BIG BURRITO,False
BIO 300 FM PEN PES,bio 300 fm pen pes,ZOO BIO PASTA,BOBBLE-HEAD PEN WITH CANDY,JELLY BEANS & PEN,False
BIO = BE-BIO-01,bio be bio 01,ZOO BIO PASTA,BIO ACTIVE MANUKA HONEY,10+ BIO ACTIVE MANUKA HONEY,False
BIO AIL 2 PC,bio garlic 2 pc,ZOO BIO PASTA,2 OLIVE ROASTED GARLIC SALSA,BIO ACTIVE MANUKA HONEY,False
BIO BANANE,bio banana,"BANANA LOWFAT YOGURT WITH PROBIOTICS, BANANA","BANANA LOWFAT YOGURT WITH PROBIOTICS, BANANA","LOWFAT YOGURT WITH PREBIOTICS, BANANA",False
BIO BANANEN,bio bananen,ZOO BIO PASTA,BIO ACTIVE MANUKA HONEY,10+ BIO ACTIVE MANUKA HONEY,False
"BIO BANANEN 0,560 KG X",bio bananen 0 560 kg x,0,ZOO BIO PASTA,WONDER NOODLES 0 NET CARBS 0 CALORIES ZITI,False
BIO BANANES,bio banana,"BANANA LOWFAT YOGURT WITH PROBIOTICS, BANANA","BANANA LOWFAT YOGURT WITH PROBIOTICS, BANANA","LOWFAT YOGURT WITH PREBIOTICS, BANANA",False
BIO BASILIC POT,bio basilic pot,ZOO BIO PASTA,BIO ACTIVE MANUKA HONEY,POT PIE,False
BIO BAYANEN,bio bayanen,ZOO BIO PASTA,BIO ACTIVE MANUKA HONEY,10+ BIO ACTIVE MANUKA HONEY,False
BIO BE-BIO-01,bio be bio 01,ZOO BIO PASTA,BIO ACTIVE MANUKA HONEY,10+ BIO ACTIVE MANUKA HONEY,False
BIO BOEUF&PORC,bio beef pork,ZOO BIO PASTA,"PORK BEEF PATTIES, PORK",BEEF CHICKEN PORK,False
BIO CAPOTES,bio capotes,CAPERS CAPOTES,CAPOTES  CAPERS,CAPOTES CAPERS,False
BIO CAROTTES,bio carrot,ZOO BIO PASTA,"CARROT CAKE, CARROT","CARROT CAKE, CARROT",False
BIO CAROTTES 100GR JEUNES POUSS,bio carrot 100gr jeunes pouss,ZOO BIO PASTA,"CARROT CAKE, CARROT","CARROT CAKE, CARROT",False
"BIO CAROTTES 2,29",bio carrot 2 29,ZOO BIO PASTA,"CARROT CAKE, CARROT","CARROT CAKE, CARROT",False
BIO CITRON 4PC,bio lemon 4pc,ZOO BIO PASTA,4PC COCONUT CREAM MOCHI,4PC SPICY SHRIMP INARI,False
BIO CITRON QC,bio lemon qc,ZOO BIO PASTA,15+ BIO ACTIVE MANUKA HONEY WITH LEMON,BIO ACTIVE MANUKA HONEY,False
BIO ECHALOTE,bio echalote,ZOO BIO PASTA,BIO ACTIVE MANUKA HONEY,10+ BIO ACTIVE MANUKA HONEY,False
BIO GINGEMBRE,bio gingembre,ZOO BIO PASTA,BIO ACTIVE MANUKA HONEY,10+ BIO ACTIVE MANUKA HONEY,False
BIO GOUTA TRANCHES,bio gouta tranches,ZOO BIO PASTA,BIO ACTIVE MANUKA HONEY,10+ BIO ACTIVE MANUKA HONEY,False
BIO GUACAMOLE DOUX,bio guacamole doux,GUACAMOLE,GUACAMOLE,GUACAMOLE,False
BIO HOMOUS 200G,bio homous,ZOO BIO PASTA,BIO ACTIVE MANUKA HONEY,10+ BIO ACTIVE MANUKA HONEY,False
BIO HOUMOUS 200G,bio hummus,HUMMUS,HUMMUS,HUMMUS,False
BIO HOUNMOUS 200G,bio hounmous,ZOO BIO PASTA,BIO ACTIVE MANUKA HONEY,10+ BIO ACTIVE MANUKA HONEY,False
BIO MINT,bio mint,"APPLE MINT PREBIOTIC KOMBUCHA, APPLE MINT","APPLE MINT PREBIOTIC KOMBUCHA, APPLE MINT",BLUEBERRY MINT PREBIOTIC SHOT,False
"BIO PDT DOUCE 0,560 KG X",bio pdt douce 0 560 kg x,0,ZOO BIO PASTA,WONDER NOODLES 0 NET CARBS 0 CALORIES ZITI,False
BIO PDT FARINE 2KG,bio pdt flour,ZOO BIO PASTA,FLOUR,FLOUR,False
BIO PICCOLOS AVIONE,bio piccolos avione,ZOO BIO PASTA,BIO ACTIVE MANUKA HONEY,10+ BIO ACTIVE MANUKA HONEY,False
BIO PITTEMIX 150G,bio pittemix,ZOO BIO PASTA,BIO ACTIVE MANUKA HONEY,10+ BIO ACTIVE MANUKA HONEY,False
BIO THYM,bio thym,ZOO BIO PASTA,BIO ACTIVE MANUKA HONEY,10+ BIO ACTIVE MANUKA HONEY,False
BIOEATE CERISE GRAP,bioeate cherry grap,CHERRY,CHERRY,"CHERRY APPLESAUCE, CHERRY",False
BIOESCHE FILET POUL,bioesche filet poul,FILET MIGNON,TENDERLOIN FILET,BEEF FILET MIGNON,False
BIOGR MESCUN,biogr mescun,,,,False
BIS CREAM GLAC,bis cream glac,CREAM,"CREAM BISCOFF, CREAM","CREAM CHEESE, CREAM",False
BISCUITS BAGUE,biscuit bague,BISCUIT,BISCUIT,BISCUIT,False
BLE EMB 100GR,wheat emb 100gr,"WHEAT BREAD, WHEAT","WHEAT BREAD, WHEAT","WHEAT BREAD, WHEAT",False
BM 335C FRAMBOISE,bm 335c raspberry,RASPBERRY,RASPBERRY,"RASPBERRY APPLESAUCE, RASPBERRY",False
BM 335C RHUBARBE,bm 335c rhubarbe,,,,False
BM 335G FRAMBOISE,bm raspberry,RASPBERRY,RASPBERRY,"RASPBERRY APPLESAUCE, RASPBERRY",False
BM 335G RHUBARBE,bm rhubarbe,,,,False
BOI REP CURRY VERT,boi rep curry vert,HARICOT VERT,CURRY,CURRY,False
BOI REP LENT RO SO,boi rep lent ro so,"SO CHOCOLATE JIMMIES, SO CHOCOLATE","SO CHOCOLATE FLAVORED JIMMIES, SO CHOCOLATE",SO CHOCOLATE JIMMIES,False
BOI REP POTAGE PAN,boi rep potage pan,PAN BIGIO,PAN CHAPIN,PAN MEXICANO,False
BOITE POIREAU,boite leek,"LEEK CHEESE SPREAD, LEEK","LEEK RECIPE MIX, LEEK","POTATO LEEK SOUP, POTATO LEEK",False
BOITE REPAS POTAGE,boite repas potage,BRIE DE NANGIS PASTEURISE BOITE,CORN POTAGE SNACK / YAOKIN,,False
BOKMAAN DET. SANG,bokmaan det sang,KIMLAN SANG CHAU SOY SAUCE,"KIMLAN, LIGHT SANG CHAU SOY SAUCE",,False
BON DE REDUCTION,bon de reduction,STRAWBERRY BON BON,BALSAMIC REDUCTION,BALSAMIC REDUCTION,False
BOTTE POIREAU,botte leek,"LEEK CHEESE SPREAD, LEEK","LEEK RECIPE MIX, LEEK","POTATO LEEK SOUP, POTATO LEEK",False
BOURSIN POIVRE,boursin pepper,"BOURSIN, GOURNAY CHEESE, RED CHILI PEPPER",PEPPER,PEPPER,False
BROCHETTE PORC MA,brochette pork ma,"BROCHETTE SEASONING, BROCHETTE SEASONING",BROCHETTE SEASONING,SHRIMP BROCHETTE,False
BROCOLI,broccoli,BROCCOLI,BROCCOLI,BROCCOLI,False
BRU LEGPET,bru legpet,,,,False
BRUIN STOETBROOD KLEI,bruin stoetbrood klei,,,,False
BRUIN STOKBROOD KLEI,bruin stokbrood klei,,,,False
BRUNIR/SERVIR VEAU,brunir servir veal,"VEAL DUMPLINGS, VEAL","VEAL DEMI GLACE, VEAL",GROUND VEAL,False
BURGER 100 % DE BO,burger 100 de bo,BURGER,BURGER,BURGER,False
BURGER ANGUS,burger angus,ANGUS CHUCK STEAK BURGER,"ANGUS BURGERS, ANGUS","ANGUS CHEESEBURGER, ANGUS",False
BURGER LIMOUSIN,burger limousin,BURGER,BURGER,BURGER,False
BUTCHER BURGE,butcher burge,BUTCHER CUT PEPPER,BUTCHER CUT PEPPER,"BUTCHER BOY, CORN OIL",False
CAME FROM FR ENT,came from fr ent,"LAMB, RACK FR NZ 10/12","LAMB, RACK FR NZ 10/12","LAMB, RACK FR NZ 10/12",False
CAMP FROM FR ENT,camp from fr ent,CAMP FIRE SAUCE,SUMMER CAMP CAKE,CAMP S'MORES REGULAR MARSHMALLOWS,False
CAMP FROM FR ENTIE,camp from fr entie,CAMP FIRE SAUCE,SUMMER CAMP CAKE,CAMP S'MORES REGULAR MARSHMALLOWS,False
CANARD WC MARINE,canard wc marine,MARINE PURIFIED SALT,WILD MARINE BLUEBERRY,MARINE BOY BAKED SNACK,False
CARDBE BEURRE SALE,cardbe butter sale,GRISSINETTI CON SALE MARINO WITH SEA SALT,BUTTER,BUTTER,False
CARDBOARRE FT D,cardboarre ft d,SUSHI COMBO D,VITAMIN D MILK,VITAMIN D MILK,False
CARLIS BEURRE FT D,carlis butter ft d,SUSHI COMBO D,VITAMIN D MILK,VITAMIN D MILK,False
CARLIS BEURRE SALE,carlis butter sale,GRISSINETTI CON SALE MARINO WITH SEA SALT,BUTTER,BUTTER,False
CARLS BEURRE FT D,carls butter ft d,SUSHI COMBO D,VITAMIN D MILK,VITAMIN D MILK,False
CARLS BEURRE SALE,carls butter sale,GRISSINETTI CON SALE MARINO WITH SEA SALT,BUTTER,BUTTER,False
CARLSB BEURRE FT D,carlsb butter ft d,SUSHI COMBO D,VITAMIN D MILK,VITAMIN D MILK,False
CARLSB BEURRE SALE,carlsb butter sale,GRISSINETTI CON SALE MARINO WITH SEA SALT,BUTTER,BUTTER,False
CARLSB CREME ENT A,carlsb cream ent a,A,A PREMIUM ICE CREAM,GRADE A CULTURED CREAM,False
"CARLSB CREME ENT A 7,25",carlsb cream ent a 7 25,A,A PREMIUM ICE CREAM,GRADE A CULTURED CREAM,False
CARLSBERG BEURRE SALE,carlsberg butter sale,GRISSINETTI CON SALE MARINO WITH SEA SALT,BUTTER,BUTTER,False
CAROTTES,carrot,"CARROT CAKE, CARROT","CARROT CAKE, CARROT","CARROT CAKE, CARROT",False
CAROTTES 500GR,carrot 500gr,"CARROT CAKE, CARROT","CARROT CAKE, CARROT","CARROT CAKE, CARROT",False
CAROTTES BIO,carrot bio,ZOO BIO PASTA,"CARROT CAKE, CARROT","CARROT CAKE, CARROT",False
CARPACCIO,beef carpaccio,TRUFFLE CARPACCIO,SUMMER TRUFFLE CARPACCIO,CARPACCIO STYLE PLANT-BASED DELI SLICES,False
CELERI VERT,celery vert,HARICOT VERT,CELERY,CELERY,False
CEREQUICK 1000GR,cerequick 1000gr,,,,False
CERISE 1KG,cherry,CHERRY,CHERRY,"CHERRY APPLESAUCE, CHERRY",False
CHARCUTERIE,charcuterie,CHARCUTERIE,"CHARCUTERIE PLATE, CHARCUTERIE",CHARCUTERIE STICKS,False
CHAVROUX 150GR,chavroux 150gr,,,,False
CHEDDAR RAPE,cheddar rape,APPLE GRAPE CHEDDAR TRAY,"APPLES, GRAPES & WHITE CHEDDAR","WHITE CHEDDAR CHEESE, CRACKERS AND GRAPES",False
CHICKEN NUGGETS,chicken nuggets,CHICKEN NUGGETS,CHICKEN NUGGETS,CHICKEN NUGGETS,False
CHIPS 147G S&BL.PE,potato chips s bl pe,BLACK PEPPER POTATO CHIPS,BLACK PEPPER FLAVORED POTATO CHIPS,BLACK PEPPER & SEA SALT POTATO CHIPS,False
CHIQUITA C BANANES,chiquita c banana,"CHIQUITA, BANANA BREAD MIX",C LOAF,DR. C,False
CHOU POINTU HACHE,cabbage pointu hache,"HACHE ORGANIC SUNFLOWER, HACHE",ORGANIC SUNFLOWER HACHE,"CABBAGE SOUP, CABBAGE",False
CHOU-FLEUR,cabbage fleur,"CABBAGE SOUP, CABBAGE","CABBAGE SOUP, CABBAGE",FLEUR DE SEL,False
CHOUX CHINOIS,choux chinois,,,,False
CHOUX DE BRUX 750G,choux de brux,Atole de avena,Atole de chocolate,CALDO DE CAMARON,False
CIABATTA,ciabatta,CIABATTA,CIABATTA,CIABATTA,False
CIBOULETTE BIO,ciboulette bio,ZOO BIO PASTA,BIO ACTIVE MANUKA HONEY,10+ BIO ACTIVE MANUKA HONEY,False
CINEMA 7 1/2 PRIX,cinema 7 1 2 prix,"CINEMA PLANT-BASED POPCORN, CINEMA","CINEMA MIX GUMMY CANDY, CINEMA MIX","SIMPLY CINEMA HEALTHY POPCORN, SIMPLY CINEMA",False
CITRON 500G,lemon,LEMON,"LEMON BAR, LEMON","LEMON BAR, LEMON",False
CITRON VERT,lemon vert,HARICOT VERT,GREEN ONIONS OIGNONS VERT,HARICOT VERT BABY FRENCH BEANS,False
CITRON VERT 500G,lemon vert,HARICOT VERT,GREEN ONIONS OIGNONS VERT,HARICOT VERT BABY FRENCH BEANS,False
CITRONS,lemon,LEMON,"LEMON BAR, LEMON","LEMON BAR, LEMON",False
CITRONS 500G,lemon,LEMON,"LEMON BAR, LEMON","LEMON BAR, LEMON",False
CLEMENTINES A FEU,clementine a feu,CLEMENTINE,"CLEMENTINE MARMALADE, CLEMENTINE","CLEMENTINE ORGANIC MARMALADE, CLEMENTINE",False
CLEMENTINES A FEUI,clementine a feui,CLEMENTINE,"CLEMENTINE MARMALADE, CLEMENTINE","CLEMENTINE ORGANIC MARMALADE, CLEMENTINE",False
"CLEMENTINES A FEUT 1,105 KG",clementine a feut 1 105 kg,CLEMENTINE,"CLEMENTINE MARMALADE, CLEMENTINE","CLEMENTINE ORGANIC MARMALADE, CLEMENTINE",False
CLEMENTINES FEUIL,clementine feuil,CLEMENTINE,"CLEMENTINE MARMALADE, CLEMENTINE","CLEMENTINE ORGANIC MARMALADE, CLEMENTINE",False
CLEMENTINES FEUILL,clementine feuill,CLEMENTINE,"CLEMENTINE MARMALADE, CLEMENTINE","CLEMENTINE ORGANIC MARMALADE, CLEMENTINE",False
COCIGRETTES,cocigrettes,,,,False
COCKTAIL GRAPE TO,cocktail grape to,"TOPS, CONCORD JUICE COCKTAIL, GRAPE","TOPS, CONCORD JUICE COCKTAIL, GRAPE, GRAPE",GRAPE JUICE COCKTAIL,False
COCKTAIL GRAPPE TO,cocktail grappe to,COCKTAIL,COCKTAIL,COCKTAIL,False
COCOTTE GRAPPE TO,cocotte grappe to,"BACN,DICED,RDY TO COOK,3/10#,Z","BACN,DICED,RDY TO COOK,3/10#,Z","BACN,DICED,RDY TO COOK,3/10#,Z",False
COEUR DOUX LIT GEM,coeur doux lit gem,CHOCOLATE GEM DONUTS,ICED GEM COOKIES,ICED GEM COOKIES,False
COLIMBUS OEUFS 5+1,colimbus eggs 5 1,1 DOZEN FARM FRESH EGGS,1 DOZEN FARM FRESH EGGS,EGGS,False
COLUMBUS OEUFFS 6PC,columbus oeuffs 6pc,"COLUMBUS PROSCIUTTO, 3 OZ","COLUMBUS PROSCIUTTO, 3 OZ","COLUMBUS CHARCUTERIE SAMPLER, 12 OZ",False
COLUMBUS OEUFS 6PC,columbus eggs 6pc,EGGS,EGGS,EGGS,False
CON VITRAGE,con vitrage,CON AZAFRAN,"CON QUESO DIP, CON QUESO","CON QUESO SALSA, CON QUESO",False
CONC DE POULET,conc de chicken,SWN CONC CKN BRTH 8FO,SWN CONC BF FLVRD BRTH 8FO,PICO DE GALLO CHICKEN STARTER KIT,False
CONCOMBRE 4PC,cucumber 4pc,"CUCUMBER HUMMUS, CUCUMBER","CUCUMBER LEMONADE, CUCUMBER","CUCUMBER LIMEADE, CUCUMBER",False
CONF. NOSTALGIE,conf nostalgie,,,,False
CONF.NOSTALGIE,conf nostalgie,,,,False
CONF.NOSTALGIE MA,conf nostalgie ma,"MA BAENSCH, WINE SAUCE","MA COHEN'S, HORSERADISH SAUCE",SPICY MA LA SAUCE,False
CONFERENCE 4PC,conference 4pc,4PC COCONUT CREAM MOCHI,4PC SPICY SHRIMP INARI,4PC COCONUT CREAM MOCHI SAMPLER,False
CONFRENCE 4PC,confrence 4pc,4PC COCONUT CREAM MOCHI,4PC SPICY SHRIMP INARI,4PC COCONUT CREAM MOCHI SAMPLER,False
CONTFEILLET,contfeillet,,,,False
COOP HOUMOUS,coop hummus,COOKIE COOP KIT,"CHICKEN COOP COOKIE HOUSE KIT, CHICKEN COOP","CHICKEN COOP COOKIE HOUSE KIT, CHICKEN COOP",False
COPPA,coppa,COPPA,COPPA,COPPA,False
COQUETTES,coquettes,,,,False
CORIANDRE BIO,coriandre bio,ZOO BIO PASTA,BIO ACTIVE MANUKA HONEY,10+ BIO ACTIVE MANUKA HONEY,False
CORNE CHOCO 200G,corne choco,"CHOCO BISCUIT, CHOCO","CHOCO BISCUIT, CHOCO","CHOCO BISCUIT, CHOCO",False
COULEMUS OEUVS 6PC,coulemus oeuvs 6pc,,,,False
COURGETTES,zucchini,ZUCCHINI,"ZUCCHINI BAKE, ZUCCHINI","ZUCCHINI BREAD, ZUCCHINI",False
"COURGETTES 0,995 KG X 2,99/ KG",zucchini 0 995 kg x 2 99 kg,SWORDFISH LOINS 2-6 KG,SWORDFISH LOINS 2-6 KG,SWORDFISH LOINS 2-6 KG,False
"COURGETTES 1,525 KG X",zucchini 1 525 kg x,ZUCCHINI,"ZUCCHINI BAKE, ZUCCHINI","ZUCCHINI BREAD, ZUCCHINI",False
COUSTRON ROUGE,coustron rouge,"ROUGE GOURMET CHEESE, ROUGE",ROUGE WASHED-RIND CHEESE,"VIN ROUGE RED WINE VINAIGRETTE, VIN ROUGE",False
CREME 20 CL,cream 20 cl,CKY CL CHN ND-EZ,RIBEYE STK BNLS CL 16OZCH,RIBEYE STK BNLS CL 16OZCH,False
CREME ENAMEL 1+1,cream enamel 1 1,1 TO 1 BAKING FLOUR,1 TO 1 BAKING FLOUR,1 TO 1 BAKING FLOUR,False
CRUNCH NO/CAC,crunch no cac,CACAO COCONUT QUINOA CRUNCH,"CRUNCH BARS, CRUNCH","CRUNCH DONUTS, CRUNCH",False
D&L BEURRE BIO,d l butter bio,"PROBIOTIC BAR, HONEY, ALMOND, BUTTER",GoodBelly Cocoa Peanut Butter Probiotic Bar,GoodBelly Cocoa Peanut Butter Probiotic Bar,False
D&L MAYO TD,d l mayo td,MAYO,MAYO,MAYO,False
D365 CREME 20 CL,d365 cream 20 cl,CKY CL CHN ND-EZ,RIBEYE STK BNLS CL 16OZCH,RIBEYE STK BNLS CL 16OZCH,False
D3G5 SAES BOUB 30L,d3g5 saes boub,,,,False
D4L SG BRAZIL,d4l sg brazil,"BRAZIL NUTS, BRAZIL","BRAZIL NUTS, BRAZIL","BRAZIL NUTS, BRAZIL",False
DACS 200 BAT OUATE,dacs 200 bat ouate,BAT BROWNIES,BROWNIES BAT,200 MINTS,False
DALI HUILE OLIV EX,dali oil oliv ex,OIL,GF MIX EX CHED PRETZ RESEAL,HSW Fh Bratwurst ex wt 6/1.25#,False
DANONE ACT 0% SX,danone act 0 sx,0,WONDER NOODLES 0 NET CARBS 0 CALORIES ZITI,0 CALORIE ASPARTAME SWEETENER,False
DANONE ACT FRAISES,danone act strawberry,ACT II Butter,STRAWBERRY,STRAWBERRY,False
DANONE COT CH 400G,danone cot ch,38OZ CH PORTERHOUSE,38OZ CH PORTERHOUSE,38OZ CH PORTERHOUSE,False
DANONE SKYR FRAISE,danone skyr strawberry,SKYR,Isey Skyr Skyr Strawberry 170g,Isey Skyr Strawberry 350g,False
DANONE SKYR NAT 4X,danone skyr nat 4x,SKYR,SKYR SMOOTHIE,TRADITIONAL SKYR,False
DAONNE ACT FRAISES,daonne act strawberry,ACT II Butter,STRAWBERRY,STRAWBERRY,False
DE CECCO CASARECCI,de cecco casarecci,Atole de avena,Atole de chocolate,CALDO DE CAMARON,False
DEL FROMAGE MAIGRE,del cheese maigre,"ORO DEL TEMPO, PIAVE CHEESE",DEL DUCA PROSCIUTTO,"DEL DUCA, PROSCIUTTO",False
DEL JAM CUT DEGR,del jam cut degr,JAM,JAM,JAM,False
DELTO VEG CHIC CUR,delto veg chic cur,CRINKLE CUR CARROTS,CRAZY CHIC SEASONING,ROASTED-SALTED CHIC PEAS,False
DES DE FILET THAI,des de filet thai,CREMEUX DES CITEAUX,FILET MIGNON,TENDERLOIN FILET,False
DES DE POULET,des de chicken,CHICKEN ENCHILADAS VERDES,CHICKEN ENCHILADAS VERDES,CREMEUX DES CITEAUX,False
DES POULET,des chicken,CHICKEN ENCHILADAS VERDES,CHICKEN ENCHILADAS VERDES,CREMEUX DES CITEAUX,False
DESSERT FRAICHE,dessert fraiche,CREME FRAICHE,CREME FRAICHE,"CREME FRAICHE RICH SOUR CREAM, CREME FRAICHE",False
DIEP ASELIN,diep aselin,,,,False
DIK STOKBROOD,dik stokbrood,,,,False
DIKKE AJUIN,dikke ajuin,,,,False
DIKKE PREI BUSSEL,dikke prei bussel,,,,False
DILL FOCACCIA BAS T,dill focaccia bas t,FOCACCIA,FOCACCIA,FOCACCIA,False
DILLE,dille,,,,False
DINOSAURE CEREALE,dinosaure cereal,CEREAL,CEREAL,CEREAL,False
DINOSAURUS CHOCOLA,chocolate cookies chocola,CHOCOLATE COOKIES,CHOCOLATE COOKIES,CHOCOLATE COOKIES,False
DIXMONT BEUR 250G,dixmont beur,,,,False
DLC PAIN BIO,dlc bread bio,ZOO BIO PASTA,BIO ACTIVE MANUKA HONEY,BREAD,False
DLC TRESOR MILK,dlc tresor milk,MILK,MILK,MILK,False
DLH BEURRE BIO,dlh butter bio,ZOO BIO PASTA,BIO ACTIVE MANUKA HONEY,10+ BIO ACTIVE MANUKA HONEY,False
DLH PARM REGG AOP,dlh parm regg aop,"PARM SALAD CRISPS, PARM","PARM SALAD CRISPS, PARM",GRUYERE AOP CHEESE,False
DLI PIZZA MARGH,dli pizza margh,PIZZA,PIZZA,PIZZA,False
DLL 1KG LG RIZ BRU,dll lg rice bru,LG EGG BOWS,VERY VEGGIE PLATTER LG BR,VERY VEGGIE PLATTER LG WR,False
DLL 9R PAPIER WC,dll 9r papier wc,PAPIER MACHE EGG WITH SALT CARAMEL PRESENTS,,,False
DLL BIO CREME GLAC,dll bio cream glac,ZOO BIO PASTA,BIO ACTIVE MANUKA HONEY,10+ BIO ACTIVE MANUKA HONEY,False
DLL BIO FT CREME G,dll bio ft cream g,ZOO BIO PASTA,"HONEY G CRAFT GIARDINIERA, HONEY G",G FUEL PEWDIEPIE,False
"DLL BIO OEUFS 6PC 2,95",dll bio eggs 6pc 2 95,2 HARD COOKED PEELED EGGS,ZOO BIO PASTA,EGGS,False
DLL BIO OEUVS 12PC,dll bio oeuvs 12pc,ZOO BIO PASTA,BIO ACTIVE MANUKA HONEY,12PC VEGETARIAN ROLL QBR,False
DLL BOMBE DUCHESSE,dll bombe duchesse,,,,False
DLL CREME FRAICHE,dll creme fraiche,CREME FRAICHE,CREME FRAICHE,"CREME FRAICHE RICH SOUR CREAM, CREME FRAICHE",False
DLL CREME LL,dll cream ll,CREAM,"CREAM BISCOFF, CREAM","CREAM CHEESE, CREAM",False
DLL FR DEMI ECREME,dll fr demi ecreme,DEMI BAGUETTE,"DEMI BAGUETTE ARTISAN, DEMI BAGUETTE","DEMI BAGUETTE BREAD, DEMI BAGUETTE",False
DLL GIRA FROM,dll gira from,GIRA NON-ALCOHOLIC MALT BEVERAGE,APPLE FROM CONCENTRATE,BEVERAGE FROM CONCENTRATE,False
DLL MAYO TD,dll mayo td,MAYO,MAYO,MAYO,False
DLL OEUFFS BIO MIX,dll oeuffs bio mix,ZOO BIO PASTA,BIO ACTIVE MANUKA HONEY,10+ BIO ACTIVE MANUKA HONEY,False
DLL OEUFS BIO MIX,dll eggs bio mix,ZOO BIO PASTA,EGGS,EGGS,False
DLL OEUVS BIO MIX,dll oeuvs bio mix,ZOO BIO PASTA,BIO ACTIVE MANUKA HONEY,10+ BIO ACTIVE MANUKA HONEY,False
DLL PAP. CUISSON,dll pap cuisson,,,,False
DLL PIZZA MARGH,dll pizza margh,PIZZA,PIZZA,PIZZA,False
DLL POULES POUSS,dll poules pouss,,,,False
DLL PUREE POMME DE,dll puree apple de,PUREE,PUREE,HEALTHY SNACK APPLE PUREE,False
DLL SAMOURAI TD,dll samourai td,,,,False
DLL TOA CHEST,dll toa chest,,,,False
DLL TRESOR BASIL,dll tresor basil,BASIL,BASIL,BASIL,False
DLL YA MAIG NAT 8X,dll ya maig nat 8x,YA YA'S GREEK DRESSING,CPB NAT NECC,NAT APL JCE,False
DOC APEROL,doc aperol,"DOC POP PREBIOTIC SODA, DOC POP",,,False
DOC PROSECCO DOC,doc prosecco doc,"DOC POP PREBIOTIC SODA, DOC POP","PROSECCO WINE VINEGAR, PROSECCO","PROSECCO BEARS CANDY, PROSECCO BEARS",False
DOL PIZZA MARGH,dol pizza margh,PIZZA,PIZZA,PIZZA,False
DORITOS NACHO CHEE,doritos nacho chee,DORITOS NACHO CHEESE FLAVORED POPCORN,.75OZ DORITOS NACHO,.75OZ DORITOS NACHO,False
DOS DE CABILLAUD,dos de cod,COD,COD,COD,False
DRAAIGATS,draaigats,,,,False
DRAAKJES,draakjes,,,,False
DRAGAS,dragas,,,,False
DU COTE DE LA VRAIE VIE,du cote de la vraie vie,"DE LA CASA SOPES, DE LA CASA",COTE D'OR NOIR DE NOIR CHOCOLATE TABLET DARK,COTE D'OR NOIR DE NOIR CHOCOLATE TABLET DARK,False
DUL CAMOMILE DOUX,dul camomile doux,"DOUX SOUTH, CREOLE MUSTARD","DOUX SOUTH, PICKLED BLACK-EYED PEAS","DOUX SOUTH, SPICY CUCUMBER PICKLES",False
DUN STOKBROOD,dun stokbrood,"DUN MORE FLAVORED 100% CHEESE, DUN MORE",,,False
DUN STOKERBROOD,dun stokerbrood,"DUN MORE FLAVORED 100% CHEESE, DUN MORE",,,False
DUO FRAMBOISE MY,duo raspberry my,"RASPBERRY DUO SUGAR FREE MINTS, RASPBERRY",DUO POTATOES,"PEPPERONI DUO FLATBREAD, PEPPERONI DUO",False
DUO PACK PINK LADY,duo pack pink lady,"PINK LADY APPLES, PINK LADY","PINK LADY MICHIGAN APPLES, PINK LADY","PINK LADY ORGANIC APPLES, PINK LADY",False
DUPACK PINK LADY,dupack pink lady,"PINK LADY APPLES, PINK LADY","PINK LADY MICHIGAN APPLES, PINK LADY","PINK LADY ORGANIC APPLES, PINK LADY",False
DUYVIS CRAC A,duyvis crac a,A,GRADE A,A COMPLETE BREAKFAST,False
ECHALOTES 500G,echalotes,,,,False
ECHAPPE 500G,echappe,,,,False
ECHAUTES 500G,echautes,,,,False
EGGS 6PC,eggs 6pc,EGGS,EGGS,EGGS,False
ELEC CHEQ REPAS,elec cheq repas,,,,False
ELVEA TOM PEL CUBE,elvea tom pel cube,"TOM TOM SAUCE, TOM TOM",TOM TOM SAUCE,CUBE BOUILLON,False
EM 335G FRAISE,em strawberry,"STRAWBERRY LEMONADE, STRAWBERRY","STRAWBERRY LEMONADE, STRAWBERRY","STRAWBERRY LEMONADE, STRAWBERRY",False
EM 335G RHUBARBE,em rhubarbe,,,,False
EMIN POUL CUIT BBQ,emin poul cuit bbq,BBQ,BBQ,"BBQ BEANS, BBQ",False
EMINC POULET,eminc chicken,CHICKEN,CHICKEN,CHICKEN,False
EMINCE POULET,emince chicken,CHICKEN,CHICKEN,CHICKEN,False
ENJOY COCO FRUIT,enjoy coco fruit,"ENJOY CHOCOLAT, CHOCOLATE",ENJOY ORANGETTE SODA,"COCO CON CREMA, COCO",False
ENTREM. DEGUST.250G,entrem degust,,,,False
ENTREM.DECUST.250G,entrem decust,,,,False
EPINARDS,spinach,SPINACH,SPINACH,SPINACH,False
EPINARDS 500GR,spinach 500gr,SPINACH,SPINACH,SPINACH,False
ESCALOPE DE VEAU,escalope de veal,"VEAL DUMPLINGS, VEAL","VEAL DEMI GLACE, VEAL",GROUND VEAL,False
EXCELLENCE 70,excellence 70,"LINDT, 70% COCOA SMOOTH DARK EXCELLENCE BAR","LINDT, EXCELLENCE DARK CHOCOLATE",EXCELLENCE INTENSE ORANGE DARK CHOCOLATE,False
EXCELLENCE 70%,excellence 70,"LINDT, 70% COCOA SMOOTH DARK EXCELLENCE BAR","LINDT, EXCELLENCE DARK CHOCOLATE",EXCELLENCE INTENSE ORANGE DARK CHOCOLATE,False
FAIRBEL 1/2 E,fairbel 1 2 e,2 IN 1 SPOUT SPRINKLE MIX,SPLITS 2 IN 1 SOFT CHEWS,PASTA E FAGIOLI,False
FAIREBEL 1/2 E,fairebel 1 2 e,2 IN 1 SPOUT SPRINKLE MIX,SPLITS 2 IN 1 SOFT CHEWS,PASTA E FAGIOLI,False
FAIREBEL BEURRE,fairebel butter,BUTTER,BUTTER,BUTTER,False
FARBEL ENTIER,farbel entier,,,,False
FARMER RAUWKOST,farmer rauwkost,FARMER CHEESE,FARMER CHEESE,FARMER CHEESE,False
FASTER 1/2 E,faster 1 2 e,2 IN 1 SPOUT SPRINKLE MIX,SPLITS 2 IN 1 SOFT CHEWS,PASTA E FAGIOLI,False
FENOUILS,fenouils,,,,False
"FENOUILS 0,485 KG X",fenouils 0 485 kg x,0,WONDER NOODLES 0 NET CARBS 0 CALORIES ZITI,0 CALORIE ASPARTAME SWEETENER,False
FETTUCCINE 300G,fettuccine,FETTUCCINE,FETTUCCINE,FETTUCCINE,False
FEVES A COUP 400GR,feves a coup 400gr,A,"TAZAH, BROAD BEANS - FEVES",GRADE A,False
FIGUE FRAICHE,fig fraiche,CREME FRAICHE,CREME FRAICHE,FIG,False
FILET DE JAMBON,filet de ham,FILET MIGNON,TENDERLOIN FILET,HAM,False
FILET DE POULET,chicken breast fillet,CHICKEN BREAST FILLET,CHICKEN BREAST FILLET,CHICKEN BREAST FILLET,False
FILET POITRINE DE,filet poitrine de,FILET MIGNON,TENDERLOIN FILET,BEEF FILET MIGNON,False
"FILET POITRINE POU 10,85",filet poitrine pou 10 85,FILET OF SIRLOIN CH 10 OZ,FILET OF SIRLOIN CH 10 OZ,FILET OF SIRLOIN CH 10 OZ,False
"FILET POITRINE POU 11,43",filet poitrine pou 11 43,FILET MIGNON,TENDERLOIN FILET,"11 GRAIN BREAD, 11 GRAIN",False
FILET PUR,filet pur,PLM SPUF PUR BLUE PUR SWPOT 1.5OZ,FILET MIGNON,TENDERLOIN FILET,False
FILET PUR DE DORC,filet pur de dorc,PLM SPUF PUR BLUE PUR SWPOT 1.5OZ,FILET MIGNON,TENDERLOIN FILET,False
FILET PUR DE PORC,filet pur de pork,PORK LOIN FILET,Pork Loin Filet,Pork Loin Filet,False
FILET SAUMON S/P,filet salmon s p,S + P BLEND,P & P LOAF,FILET MIGNON,False
FILETS PORC-VEAU,filets pork veal,"VEAL DUMPLINGS, VEAL",SALMON FILETS,"VEAL DEMI GLACE, VEAL",False
FITNESS BAGUE,fitness bague,FITNESS MIX,FITNESS MIX,FITNESS MIX,False
FLEURES 38,fleures 38,DR 38 SODA,38 CALORIE MARGARITA MIX,PENNONI NO. 38 PASTA,False
FLEURS 36,fleurs 36,ROTINI 36,CAVATAPPI NO. 36 PASTA,CAVATAPPI NO. 36 PASTA,False
FM BIO SW POT 360G,fm bio sw pot,ZOO BIO PASTA,BIO ACTIVE MANUKA HONEY,POT PIE,False
FONDANT COTE D OR,fondant cote d or,FONDANT,FONDANT,FONDANT,False
FRAISE 400GR,strawberry 400gr,STRAWBERRY,STRAWBERRY,STRAWBERRY,False
FRAISE 500G,strawberry,STRAWBERRY,STRAWBERRY,STRAWBERRY,False
FRAISES 500G,strawberry,STRAWBERRY,STRAWBERRY,STRAWBERRY,False
FRAISES FANTIER,strawberry fantier,STRAWBERRY,STRAWBERRY,STRAWBERRY,False
FRAMBOIS 125G,frambois,,,,False
FRAMBOISE 125G,raspberry,RASPBERRY,RASPBERRY,"RASPBERRY APPLESAUCE, RASPBERRY",False
FRASER 1//2 E,fraser 1 2 e,2 IN 1 SPOUT SPRINKLE MIX,SPLITS 2 IN 1 SOFT CHEWS,PASTA E FAGIOLI,False
FRASSE 500G,frasse,,,,False
FRESH CLEAN BR PEP,fresh clean br pep,FRESH 'N CLEAN SLICED MUSHROOMS,MOZZARELLA GRLC BR,CLEAN ENERGY,False
FRISK CLEAN BR PEP,frisk clean br pep,MOZZARELLA GRLC BR,CLEAN ENERGY,CLEAN SNAX,False
FRISK XL TINS PEP,frisk xl tins pep,ORNAMENT TINS,EGG TINS CANDY,"COCKTAIL PEP SMOKED SAUSAGES, COCKTAIL PEP",False
FROMAGE ENTIE,cheese entie,CHEESE,CHEESE,CHEESE,False
FRUIT & LEGUMES,fruit legumes,"FRUIT CAKE, FRUIT","FRUIT CAKE, FRUIT","FRUIT CAKE, FRUIT",False
FRUIT ET LEGUMES,fruit et legumes,"FRUIT CAKE, FRUIT","FRUIT CAKE, FRUIT","FRUIT CAKE, FRUIT",False
FUSILLI,fusilli,FUSILLI,FUSILLI,FUSILLI,False
GALBANI CROCC MOZZ,galbani crocc mozz,FRESH VEGAN MOZZ,FRESH ZESTY MOZZ,SMOKED VEGAN MOZZ,False
GALBANI MOZZA 125G,galbani mozzarella,"GALBANI, MOZZARELLA CHEESE","GALBANI, FRESH MOZZARELLA CHEESE","GALBANI, PRECIOUS, MOZZARELLA CHEESE",False
GALBANI RICOTTA 25,galbani ricotta 25,RICOTTA,"RICOTTA CAVATELLI, RICOTTA","RICOTTA CHEESE, RICOTTA",False
GAROF MOZZA BUF A D,garof mozzarella buf a d,GRADE A MILK VITAMIN A & D,GRADE A MILK VITAMIN D,GRADE A VITAMIN D MILK,False
GAROF MOZZA BUFAL D,garof mozzarella bufal d,MOZZARELLA,MOZZARELLA,MOZZARELLA,False
GAROF MOZZA BUFALINA,garof mozzarella buffalo mozzarella,BUFFALO MOZZARELLA,BUFFALO MILK MOZZARELLA,BUFFALO MILK MOZZARELLA,False
GAROF MOZZA BUFFA C,garof mozzarella buffa c,C LOAF,DR. C,MOZZARELLA,False
GARZPACHO 1L,garzpacho,,,,False
GAUFR CH,gaufr ch,38OZ CH PORTERHOUSE,38OZ CH PORTERHOUSE,38OZ CH PORTERHOUSE,False
GEMARINEERDE RIBS,gemarineerde ribs,ALLIGATOR RIBS,ALLIGATOR RIBS,ALLIGATOR RIBS,False
GERLINA CHOCOLAT,gerlina chocolate,CHOCOLATE,CHOCOLATE,CHOCOLATE,False
GERLINEA CHOCOLAT,gerlinea chocolate,CHOCOLATE,CHOCOLATE,CHOCOLATE,False
GMBER POEDER,gmber poeder,,,,False
GOACAMOLE DO 200GR,goacamole do 200gr,GOTTA DO CHOCOLATE,"BIRTHDAY DO BITES, BIRTHDAY","BIRTHDAY DO BITES, BIRTHDAY",False
GOUDA TRANC JEUNE,gouda cheese tranc jeune,GOUDA  CHEESE,GOUDA CHEESE,GOUDA CHEESE,False
"GOUDA, TRANC JEUNE",gouda cheese tranc jeune,GOUDA  CHEESE,GOUDA CHEESE,GOUDA CHEESE,False
GPC POMC PINK LAD,gpc pomc pink lad,"PINK BEANS, PINK","PINK BEANS, PINK","PINK BEANS, PINK",False
GRAN CHOC&NO,gran choc no,"CHOC CHIP CHEWY GRANOLA BARS, CHOC CHIP",NV Oats N Dark Choc Granola,ANNIES CHWY GRAN BARS CHOC CHIP,False
GRANA PADANO,grana padano,GRANA PADANO,"GRANA PADANO CHEESE, GRANA PADANO","GRANA PADANO CHEESE, GRANA PADANO",False
GRILLADE CURRY DOU,grillade curry dou,CURRY,CURRY,CURRY,False
GROENE SELDER PER ST,groene selder per st,SCALLOP ST JACQUE,ST PATRICK'S CUPCAKES,MAIN ST BAKERY BREAD,False
GROENTEA CAFE TRAP,groentea coffee trap,COFFEE,COFFEE,COFFEE,False
"GS: 225,77",gs 225 77,TRIO ITALIANO NO. 77 PASTA,RTG WH GS TILAPIA 8340562,RTG WH GS TILAPIA 8340562,False
GUAC MEUS NOI,guac meus noi,FRESH GUAC,"GUAC & QUESO SPICES, GUAC & QUESO","SPICY GUAC MIX, SPICY",False
GUACAMOLE DO 200GR,guacamole do 200gr,GUACAMOLE,GUACAMOLE,GUACAMOLE,False
GUACAMOLE DOUX,guacamole doux,GUACAMOLE,GUACAMOLE,GUACAMOLE,False
GUACRACHO 11,guacracho 11,"11 GRAIN BREAD, 11 GRAIN",11 OZ LOBSTER TAILS,11 OZ LOBSTER TAILS,False
HACHIS,ground meat,MEAT FREE GROUND,MEAT FREE GROUND,PLANT-BASED GROUND MEAT,False
HACHIS BOEUF&PORC,ground meat beef pork,GROUND PORK AND BEEF,GROUND PORK,GROUND PORK,False
HACHIS BOEUFDORC,ground meat beef dorc,GROUND BEEF,GROUND BEEF,GROUND BEEF,False
HACHIS BOUEF/PORC,ground meat bouef pork,GROUND PORK,GROUND PORK,GROUND PORK,False
HACHIS P&V S/EPICE,ground meat p v s epice,S + P BLEND,CKY S BGR W/CTRY V,P & P LOAF,False
HACHIS PORC-VEAU,ground meat pork veal,GROUND VEAL,GROUND VEAL,GROUND VEAL,False
HAR TRAMTE BROOD P,har tramte brood p,P & P LOAF,S + P BLEND,"P & P LOAF MADE WITH CHICKEN, BEEF, PORK",False
HARICOT PAIN 500GR,green beans bread 500gr,GREEN BEANS,GREEN BEANS,GREEN BEANS,False
HARICOT PRIN 500GR,green beans prin 500gr,GREEN BEANS,GREEN BEANS,GREEN BEANS,False
HARICOTS FINS 400G,green beans fins,GREEN BEANS,GREEN BEANS,GREEN BEANS,False
HEERLSE BROOD P,heerlse brood p,P & P LOAF,S + P BLEND,"P & P LOAF MADE WITH CHICKEN, BEEF, PORK",False
HERITAGE PAT ZNE RON,heritage pat zne ron,"HERITAGE BLUE CHEESE, HERITAGE BLUE","HERITAGE CHEDDAR CHEESE, HERITAGE CHEDDAR","HERITAGE FLAKES CEREAL, HERITAGE FLAKES",False
HERTA BLINIS 2KG,herta blinis,BLINIS COCKTAIL,MINI BLINIS,"GREAT ATLANTIC TRADING, FRENCH MINI BLINIS",False
HERTA JAMBON BROOD P,herta ham brood p,P & P LOAF,HAM,HAM,False
HERTA JAMBON SUP,herta ham sup,PEANUT BUTTER SUP MINIATURES,HAM,HAM,False
HERTA LADINS NATUR,herta ladins natur,NATUR LIQUID SEASONING,,,False
HERTA LARDNS NAT,herta lardns nat,CPB NAT NECC,NAT APL JCE,4/5OZ NAT BRD FLOUNDER,False
HERTA LARDNS NATUR,herta lardns natur,NATUR LIQUID SEASONING,,,False
HERTA LRDNS NAT,herta lrdns nat,CPB NAT NECC,NAT APL JCE,4/5OZ NAT BRD FLOUNDER,False
HERTA LRDNS NATUR,herta lrdns natur,NATUR LIQUID SEASONING,,,False
HERTA LRDS NATUR,herta lrds natur,NATUR LIQUID SEASONING,,,False
HERTA MINI PI,herta mini pi,APPLE CRANBERRY PI,"LALA, YOGURT SMOOTHIE, PI, PI",MINI,False
HERTA PATE BRISSEE,herta pasta brissee,PASTA,PASTA,PASTA,False
HERTA PATE FNE RON,herta pasta fne ron,PASTA,PASTA,PASTA,False
HET TRAAGSTE BROOD,het traagste brood,,,,False
HET TRAAGSTE BROOD D,het traagste brood d,SUSHI COMBO D,VITAMIN D MILK,VITAMIN D MILK,False
HET TRAAGSTE BROOD P,het traagste brood p,P & P LOAF,S + P BLEND,"P & P LOAF MADE WITH CHICKEN, BEEF, PORK",False
HET TRAGASTE BROOD P,het tragaste brood p,P & P LOAF,S + P BLEND,"P & P LOAF MADE WITH CHICKEN, BEEF, PORK",False
HET TRAGSTE BROOD,het tragste brood,,,,False
HET TRAGSTE BROOD P,het tragste brood p,P & P LOAF,S + P BLEND,"P & P LOAF MADE WITH CHICKEN, BEEF, PORK",False
HET TRANSTGE BROOD P,het transtge brood p,P & P LOAF,S + P BLEND,"P & P LOAF MADE WITH CHICKEN, BEEF, PORK",False
HG DET ECL CARREL,hg det ecl carrel,,,,False
HG DETACH SPEC 1,hg detach spec 1,2OZ MILKCARTON GOLDFISH SPEC PACKS,1 TO 1 BAKING FLOUR,1 TO 1 BAKING FLOUR,False
HG DETACH SPEC 7,hg detach spec 7,2OZ MILKCARTON GOLDFISH SPEC PACKS,7 CAKE,"7 GRAIN BLEND, 7 GRAIN",False
HG SCHIMMELVLEKENRE,hg schimmelvlekenre,,,,False
HGK RCH PG MCH,hgk rch pg mch,"PG TIPS, PYRAMID TEABAGS","PG TIPS, BLACK PYRAMID TEA BAGS","PG TIPS, PYRAMID TEA BAGS, BLACK TEA",False
HMC COR,hmc cor,,,,False
HMC SERVIETTE 33CM,hmc serviette 33cm,,,,False
HOUMOUS,hummus,HUMMUS,HUMMUS,HUMMUS,False
HUMMUS,hummus,HUMMUS,HUMMUS,HUMMUS,False
HUMMUS PINK LAD,hummus pink lad,HUMMUS,HUMMUS,HUMMUS,False
HUMOUS,humous,,,,False
HUMOUS MAXI,humous maxi,,,,False
ITAL STYLE GRAINS,ital style grains,ANCIENT GRAINS,ANCIENT GRAINS,SUPER GRAINS,False
JAMBON 4 1 OS AUTH,ham 4 1 os auth,"COCOA RINGEE OS CEREAL, COCOA RINGEE OS",HAM,HAM,False
JAMBON A L OS AUTH,ham a l os auth,"COCOA RINGEE OS CEREAL, COCOA RINGEE OS",A,HAM,False
JAMBON A L'OS AUTH,ham a l os auth,"COCOA RINGEE OS CEREAL, COCOA RINGEE OS",A,HAM,False
JAMBON CUIT AU FOU,ham cuit au fou,AU GRATIN POTATOES & HAM,AU JUS,HAM,False
JAMBON DE FERME,ham de ferme,HAM,HAM,HAM,False
JAMBON DEGRAISSE,ham degraisse,HAM,HAM,HAM,False
JAMBON PARME,ham parme,HAM,HAM,HAM,False
JENVERBRESEN,jenverbresen,,,,False
JEUNE POUSE MIX,jeune pouse mix,MIX,MIX,MIX,False
JEUNE POUSS MIK,jeune pouss mik,,,,False
JEUNE POUSS MIX,jeune pouss mix,MIX,MIX,MIX,False
JEUNE POUSSE MIX,jeune pousse mix,MIX,MIX,MIX,False
JOLIBOIS OEUFS 5+1,jolibois eggs 5 1,1 DOZEN FARM FRESH EGGS,1 DOZEN FARM FRESH EGGS,EGGS,False
K&K 40%,k k 40,"DR. K DIET SODA, DR. K",DR. K SODA,DR. K SODA,False
KAKI 4P,kaki 4p,KAKI NO TANE CHILI BITS,"JFC, CHILI BITS KAKI NO TANE",,False
KINZ SUNGOLD XL,kinz sungold xl,BRAT XL BUNS,XL MILK CHOCOLATE,XL MILK CHOCOLATE,False
KIPFILET BLOND XL,kipfilet blond xl,BLOND CRUNCHY ALMOND BAR,BRAT XL BUNS,XL MILK CHOCOLATE,False
KIWI GOLD,kiwi gold,GOLD KIWI BLEND REVIVER,"GOLD KIWIFRUIT HONEY, GOLD KIWIFRUIT",GOLD KIWIFRUIT HONEY,False
KIWI GROEN XL 4 STUK,kiwi groen xl 4 stuk,KIWI,KIWI,"KIWI LEMONADE, KIWI",False
KIWI JAUNE,kiwi jaune,KIWI,KIWI,"KIWI LEMONADE, KIWI",False
KIWI JAUNE 500G,kiwi jaune,KIWI,KIWI,"KIWI LEMONADE, KIWI",False
KIWI SUNGOLD XL,kiwi sungold xl,KIWI,KIWI,"KIWI LEMONADE, KIWI",False
KIWI VERT,kiwi vert,HARICOT VERT,KIWI,KIWI,False
KLEEN GREEN XL 4 STUK,kleen green xl 4 stuk,BRAT XL BUNS,XL MILK CHOCOLATE,XL MILK CHOCOLATE,False
KLEI VADEN,klei vaden,,,,False
KLEIN GREEN XL 4 STUK,klein green xl 4 stuk,BRAT XL BUNS,XL MILK CHOCOLATE,XL MILK CHOCOLATE,False
KROEPOEK NAT,kroepoek nat,CPB NAT NECC,NAT APL JCE,4/5OZ NAT BRD FLOUNDER,False
KROK FLOCONS LAIT,krok flocons milk,MILK,MILK,MILK,False
LAISE NATUREL,laise naturel,"AU NATUREL PURE HONEY GRANOLA, AU NATUREL","UDI'S, ARTISAN GRANOLA, AU NATUREL",,False
LE BEURRE BIO,le butter bio,PRESSADE LE BIO MULTIFRUIT 1L TETRAPAK,PRESSADE LE BIO MULTIFRUIT 1L TETRAPAK,PRESSADE LE BIO MULTIFRUIT 1L TETRAPAK,False
LEEGGOD,leeggod,,,,False
LIEGEOIS GOUT CAFE,coffee dessert cream gout coffee,COFFEE CREAM,COFFEE,COFFEE,False
LIJNZAAD GEBROKEN 15,lijnzaad gebroken 15,"15 GRAIN BREAD, 15 GRAIN",15 BEAN SOUP,15 BEAN SOUP,False
LINDET EXCELLENCE,lindet excellence,"LINDT, EXCELLENCE DARK CHOCOLATE",EXCELLENCE INTENSE ORANGE DARK CHOCOLATE,"LINDT, EXCELLENCE DARK CHOCOLATE, LEMON",False
LINDEX EXCELLENCE,lindex excellence,"LINDT, EXCELLENCE DARK CHOCOLATE",EXCELLENCE INTENSE ORANGE DARK CHOCOLATE,"LINDT, EXCELLENCE DARK CHOCOLATE, LEMON",False
LINDT EXC12 CCAO,dark chocolate exc12 ccao,DARK CHOCOLATE,DARK CHOCOLATE,DARK CHOCOLATE,False
LINDT EXCELLENCE,dark chocolate excellence,"LINDT, EXCELLENCE DARK CHOCOLATE",EXCELLENCE INTENSE ORANGE DARK CHOCOLATE,EXCELLENCE 90% COCOA SUPREME DARK CHOCOLATE,False
LINGOT EXCELLENCE,lingot excellence,"LINDT, EXCELLENCE DARK CHOCOLATE",EXCELLENCE INTENSE ORANGE DARK CHOCOLATE,"LINDT, EXCELLENCE DARK CHOCOLATE, LEMON",False
LINTF EXCEL CACAO,lintf excel cacao,CACAO,"CACAO BUTTER, CACAO",CACAO BEVERAGE,False
LITCHIS,litchis,,,,False
MAGUE,mague,,,,False
MANDARINES,mandarines,,,,False
MANDARINES A FEUIL,mandarines a feuil,A,GRADE A,A COMPLETE BREAKFAST,False
"MANDARINES A FEUIL 4,46",mandarines a feuil 4 46,A,A BLEND OF 4 JUICES,V8 FIBER 46 FO,False
MANDARINES FEUILLE,mandarines feuille,,,,False
MANGUE,mango,MANGO,MANGO,MANGO,False
MARCHEOUS BLOC TRA,marcheous bloc tra,,,,False
MAREDSOUS TRADITIO,maredsous traditio,,,,False
MASCARPONE SL 500G,mascarpone sl,MASCARPONE,MASCARPONE,"MASCARPONE CHEESE, MASCARPONE",False
MECHELSESTEWEG 207,mechelsesteweg 207,,,,False
MEDAILLON DE VEAU,medaillon de veal,"VEAL DUMPLINGS, VEAL","VEAL DEMI GLACE, VEAL",GROUND VEAL,False
MEERGRANENSTOK.GROO,meergranenstok groo,,,,False
MEERGRANENSTOKB.GROO,meergranenstokb groo,,,,False
MEGA CRUNCHY CREAM,mega crunchy cream,"MEGA FLAVOR SPICE, MEGA",MEGA CRACKLINS,MEGA MALLOWS,False
MEI BABYBEL,mei babybel,"MEI WEI, PUDDING, ALMOND","SNACK TRAY, WITH EGG & BABYBEL CHEESE",,False
MEL JEUNES POUSSE,mel jeunes pousse,"PUMPKIN GLAZED MEL O CREAM BITES, PUMPKIN",,,False
MEL. JEUNES POUSSE,mel jeunes pousse,"PUMPKIN GLAZED MEL O CREAM BITES, PUMPKIN",,,False
MELI-MELO JORIS,meli melo joris,,,,False
MELO CAKES,melo cakes,CAKES,CAKES,CAKES,False
MENTHE GROS PO BIO,menthe gros po bio,SPICY PO SAUCE,ZOO BIO PASTA,CREME DE MENTHE,False
MERCERENSTOK.GROO,mercerenstok groo,,,,False
MERGELSTOKS.GROO,mergelstoks groo,,,,False
MES DEJEUNER DE SALAD,mes dejeuner de salad,SALAD,SALAD,SALAD,False
MESCLUN,mesclun,MESCLUN GOAT CHEESE SALAD,MESCLUN GOAT CHEESE SALAD,FRESH TOMATO & MOZZARELLA ON MESCLUN,False
MGA MELLO CAKE,mga mello cake,"MELLO CREME PUMPKINS, MELLO CREME","MELLO CREME AUTUMN MIX, MELLO CREME",CHRISTMAS MELLO CREMES,False
"MIGNON DE PORC 3,08",mignon de pork 3 08,FILET MIGNON,BEEF FILET MIGNON,FILET MIGNON BEEF JERKY,False
"MIGNON DE PORC 3,40",mignon de pork 3 40,FILET MIGNON,BEEF FILET MIGNON,FILET MIGNON BEEF JERKY,False
"MIGNON DE PORC 4,58",mignon de pork 4 58,FILET MIGNON,"4 PORK TAMALES, PORK",4 PORK TAMALES,False
MIKADO CHOC LAIT,mikado choc milk,MIKADO BISCUIT STICKS MILK CHOCOLATE,MIKADO BISCUIT STICKS MILK CHOCOLATE,MILK CHOC MLNO,False
MILKA CHOCO SUPREM,milka choco suprem,MILKA CHOCOLATE,MILKA CHOCOLATE,"CHOCO BISCUIT, CHOCO",False
MINI BABYBEL,mini babybel,MINI,MINI,"SNACK TRAY, WITH EGG & BABYBEL CHEESE",False
MINI BURGER ANGUS,mini burger angus,MINI ANGUS CHEESEBURGERS,ANGUS CHEESEBURGER MINI SANDWICHES,ANGUS CHUCK STEAK BURGER,False
MINI BURGER LIMOUS,mini burger limous,"MINI BURGER GUMMI CANDY, MINI BURGER",BURGER,BURGER,False
MINI BUTCHER BURGE,mini butcher burge,BUTCHER CUT PEPPER,BUTCHER CUT PEPPER,"BUTCHER BOY, CORN OIL",False
MINI SPECULOOS CHO,mini speculoos cho,"SPECULOOS COOKIES, SPECULOOS","COOKIE BUTTER, SPECULOOS",SPECULOOS COOKIE BUTTER,False
MINIQUES 500GR,miniques 500gr,,,,False
MINT GRENAILLES 50,mint grenailles 50,MINT,MINT,MINT,False
MINT-PIMENTS MIX,mint piments mix,"MINT MIX SUGARFREE GUM, MINT MIX",MERRY MINT MIX,MINT,False
MIRTILLES 500GR,mirtilles 500gr,,,,False
MIXTEARD 250G IMPE,mixteard impe,,,,False
MKA 30 MELO CAKES,mka 30 melo cakes,CAKES,CAKES,CAKES,False
MKADO CHOC LAIT,mkado choc milk,MILK CHOC MLNO,6OZ MILANO MILK CHOC,SB MILK CHOC CHUNK,False
MOUSSE MOKKA,mousse mokka,MOUSSE,Mousse,CHOCOLATE MOUSSE,False
MOUSSEL POM.MATER,moussel pom mater,"BLUE POM ACAI YERBA MATE, BLUE POM ACAI",FUJI POM BLEND JUICE,V8 ENGY POM BLUE,False
MOUSSEL.POM.MATER,moussel pom mater,"BLUE POM ACAI YERBA MATE, BLUE POM ACAI",FUJI POM BLEND JUICE,V8 ENGY POM BLUE,False
MOZZA BUFALINA,mozzarella buffalo mozzarella,BUFFALO MOZZARELLA,BUFFALO MILK MOZZARELLA,BUFFALO MILK MOZZARELLA,False
MOZZA SX10,mozzarella sx10,MOZZARELLA,MOZZARELLA,MOZZARELLA,False
MOZZARELLA 125GR,mozzarella 125gr,MOZZARELLA,MOZZARELLA,MOZZARELLA,False
MOZZARELLA MAXI,mozzarella maxi,MOZZARELLA,MOZZARELLA,MOZZARELLA,False
MRA 30 MELO CAKES,mra 30 melo cakes,CAKES,CAKES,CAKES,False
MRK 30 MELO CAKES,mrk 30 melo cakes,CAKES,CAKES,CAKES,False
MRS JEUNES POUSSE,mrs jeunes pousse,"MRS BAIRD'S, ITALIAN BREAD","MRS BRIDGES, CURD, LEMON","MRS DASH, MARINADE, STEAKHOUSE",False
MRS. JEUNES POUSSE,mrs jeunes pousse,"MRS BAIRD'S, ITALIAN BREAD","MRS BRIDGES, CURD, LEMON","MRS DASH, MARINADE, STEAKHOUSE",False
MULIGRAINS BUN,muligrains bun,BUN,Bao bun,CUSTARD BUN,False
MULTIGRAINS SUN,multigrains sun,"SUN DRIED TOMATOES, SUN DRIED","365 EVERYDAY VALUE, MULTIGRAINS & SEED BREAD",ARCTIC SUN SODA,False
MYRTELLE 150GR,myrtelle 150gr,,,,False
MYRTELLES 500GR,myrtelles 500gr,,,,False
MYRTILLES 500GR,blueberry 500gr,BLUEBERRY,BLUEBERRY,BLUEBERRY,False
NATURAL OLIVES BIO,natural olives bio,NATURAL ARBEQUINA OLIVES,"OLOVES, NATURAL OLIVES",ZOO BIO PASTA,False
NECTARINE BLANCHE,nectarine blanche,"TOPS, NECTARINE HALVES","GREEN TEA, PEACH NECTARINE",LEGENDARY FRUITS ORGANIC NECTARINE CONSERVE,False
NECTARINE JAUNE,nectarine jaune,"TOPS, NECTARINE HALVES","GREEN TEA, PEACH NECTARINE",LEGENDARY FRUITS ORGANIC NECTARINE CONSERVE,False
NEOJOYANCE CITRONEL,neojoyance citronel,,,,False
NESCAFE ESPRESSO,nescafe espresso,"ESPRESSO COCOROLLS, ESPRESSO","ESPRESSO GELATO, ESPRESSO","ESPRESSO GELATO, ESPRESSO",False
NET MULTISURF ECO,net multisurf eco,"ECO MEAL, FETA CHEESE",ZERO NET CARB TORTILLAS,"ECO MEAL, BABY MOZZARELLA CHEESE",False
NIVEA ROLL DRY IMP,nivea roll dry imp,ROLL,ROLL,ALMOND ROLL,False
NIVEA ST. CLEAR,nivea st clear,CLEAR BROTH,CLEAR EXTRACT,CLEAR EXTRACT,False
NOCCI CONF FIGUES,nocci conf fig,FIG,"FIG BAR, FIG","FIG BAR, FIG",False
NOIR DE NOIR C OR,noir de noir c or,COTE D'OR NOIR DE NOIR CHOCOLATE TABLET DARK,COTE D'OR NOIR DE NOIR CHOCOLATE TABLET DARK,CHOCOLAT NOIR,False
NOISETTES D AGNEAU,hazelnut d lamb,LAMB,"LAMB RUB, LAMB","LAMB SEASONING, LAMB",False
NOISETTES D'AGNEAU,hazelnut d lamb,LAMB,"LAMB RUB, LAMB","LAMB SEASONING, LAMB",False
NOSTAL CONF FIGUES,nostal conf fig,FIG,"FIG BAR, FIG","FIG BAR, FIG",False
NOUVEAU SOLDE DE POINTS,nouveau solde de points,Atole de avena,Atole de chocolate,CALDO DE CAMARON,False
"NS: 207,23",ns 207 23,FARFALLINE NO. 23 PASTA,PRG MARINARA 23 OZ,RIGATONI NO. 23 PASTA,False
NUGGETS,nuggets,NUGGETS,NUGGETS PRETZELS,NUGGETS FOR KIDS,False
NUTELLA,nutella,NUTELLA FERRERO WITH BREADSTICKS,Nutella sandwich on wheat bread,Nutella sandwich on white bread,False
NUTRI-BOOST,nutri boost,ENERGY BOOST,IMMUNITY BOOST,SMOOTHIE BOOST,False
NUTRI-BOOST -10%,nutri boost 10,ENERGY BOOST,IMMUNITY BOOST,SMOOTHIE BOOST,False
OEUFS 6PC,eggs 6pc,EGGS,EGGS,EGGS,False
OEUFS BIO 12 PCS,eggs bio 12 pcs,12 LARGE EGGS,12 LARGE BROWN EGGS,ZOO BIO PASTA,False
OEUFS COLOMBUS,eggs colombus,EGGS,EGGS,EGGS,False
OEUFS COLUMBUS,eggs columbus,EGGS,EGGS,EGGS,False
OEUFS COQUUES,eggs coquues,EGGS,EGGS,EGGS,False
OEUFS FRAIS BIO 12PC,eggs frais bio 12pc,ZOO BIO PASTA,EGGS,EGGS,False
OEUVFS BIO 12 PCS,oeuvfs bio 12 pcs,ZOO BIO PASTA,BACON ENDS & PCS 10#,BACON ENDS & PCS 40#,False
OEUVS COLUMBUS,oeuvs columbus,"COLUMBUS PROSCIUTTO, 3 OZ","COLUMBUS PROSCIUTTO, 3 OZ","COLUMBUS CHARCUTERIE SAMPLER, 12 OZ",False
OIGNON JAUNE GEANT,onion jaune geant,ONION,ONION,"ONION BAGEL, ONION",False
OIGNON ROUGE 2PC,onion rouge 2pc,"ROUGE GOURMET CHEESE, ROUGE",ROUGE WASHED-RIND CHEESE,"VIN ROUGE RED WINE VINAIGRETTE, VIN ROUGE",False
OIGNONS JAUNE 1KG,onion jaune,ONION,ONION,"ONION BAGEL, ONION",False
OIGNONS JAUNES:2KG,onion jaunes,ONION,ONION,"ONION BAGEL, ONION",False
OLIVE DENOVA 130G,olive denova,"OLIVE BRUSCHETTA, OLIVE","OLIVE BRUSCHETTA, OLIVE","OLIVE BRUSCHETTA, OLIVE",False
OLIVE DENOYA 130G,olive denoya,"OLIVE BRUSCHETTA, OLIVE","OLIVE BRUSCHETTA, OLIVE","OLIVE BRUSCHETTA, OLIVE",False
OLIVES A L'AIL,olives a l garlic,GARLIC OLIVES,GARLIC STUFFED OLIVES,GARLIC STUFFED OLIVES,False
OLIVES KALAMATA,olives kalamata,KALAMATA OLIVES,KALAMATA OLIVES,KALAMATA OLIVES,False
ORAL B PREC CL REF,oral b prec cl ref,"DR. B SODA, DR. B","DR. B SODA, DR. B","DR. B SODA, DR. B",False
ORALB ENAMEL 1+1,oralb enamel 1 1,1 TO 1 BAKING FLOUR,1 TO 1 BAKING FLOUR,1 TO 1 BAKING FLOUR,False
ORANGE,orange,ORANGE,"ORANGE BEVERAGE, ORANGE","ORANGE BISCOTTI, ORANGE",False
ORANGES 4P,orange 4p,ORANGE,"ORANGE BEVERAGE, ORANGE","ORANGE BISCOTTI, ORANGE",False
OREO GRIG VANILLE,oreo grig vanille,"OREO CEREAL, OREO","OREO CEREAL, OREO","OREO CHEESECAKE, OREO",False
PACK PINK LADY,pack pink lady,"PINK LADY APPLES, PINK LADY","PINK LADY MICHIGAN APPLES, PINK LADY","PINK LADY ORGANIC APPLES, PINK LADY",False
PADANO,padano,GRANA PADANO,"GRANA PADANO CHEESE, GRANA PADANO","GRANA PADANO CHEESE, GRANA PADANO",False
PAIN DE VIANDE,bread de viande,ROSCA DE REYES BREAD,ROSCA DE REYES BREAD,HERB DE PROVENCE PAVE BREAD,False
PAMPLEMOUSSE ROUGE,grapefruit rouge,"ROUGE GOURMET CHEESE, ROUGE",ROUGE WASHED-RIND CHEESE,GRAPEFRUIT,False
PASTEQUE MINI,watermelon mini,"WATERMELON MINI CUPCAKES, WATERMELON",WATERMELON MINI CUPCAKES,"WATERMELON MINI SPARKLING WATER, WATERMELON",False
PATE A PIZZA,pasta a pizza,PIZZA WITH A PASTA TWIST,PIZZA PASTA,"ORGANIC PIZZA PASTA SAUCE, PIZZA PASTA",False
PATE DE LARD 1L,pasta de lard,LARD,LARD,Lard,False
PATEE IL,patee il,IL PANDORO,IL PANETTONE,IL POETA,False
PDT CHARLOTTE 1KG,pdt charlotte,"PREMIUM ICE CREAM, STRAWBERRY CHARLOTTE",,,False
PDT GRENA 1KG BIO,pdt grena bio,ZOO BIO PASTA,BIO ACTIVE MANUKA HONEY,10+ BIO ACTIVE MANUKA HONEY,False
PDT GRENAILLE 1KG,pdt grenaille,,,,False
PECORINO ROMANO AO,pecorino romano ao,PECORINO ROMANO,"PECORINO ROMANO CHEESE, PECORINO ROMANO","PECORINO ROMANO CHEESE, PECORINO ROMANO",False
PEL PINK LADY 6P,pel pink lady 6p,"PINK LADY APPLES, PINK LADY","PINK LADY MICHIGAN APPLES, PINK LADY","PINK LADY ORGANIC APPLES, PINK LADY",False
PENNE RIGATE 500G,penne rigate,PENNE RIGATE,PENNE RIGATE,PENNE RIGATE,False
PENNE RIGATE BARI,penne rigate bari,PENNE RIGATE,PENNE RIGATE,PENNE RIGATE,False
PEREN,peren,,,,False
PERSIL BOUTE,persil boute,,,,False
PERSIL EN POT BIO,persil en pot bio,ZOO BIO PASTA,BRIE EN CROUTE,BRIE EN CROUTE,False
PESTO VERT 100G,pesto vert,HARICOT VERT,PESTO,PESTO,False
PETIT LION HOM NA,petit lion hom na,PETIT BISCUIT,PETIT GAUGRYA,PETIT BEURRE BISCUIT,False
PHILADELPHIA ORIGI,philadelphia origi,PHILADELPHIA ROLL,PHILADELPHIA ROLL,PHILADELPHIA ROLL,False
PICCOLINI PENNE,piccolini penne,PENNE,PENNE,PENNE,False
"PILO DE POULET 5,99",pilo de chicken 5 99,"5 CRISP CHICKEN BURRITOS, 5 CRISP CHICKEN","ALEXIAN PT DE CAMPAGNE, 5 OZ","ALEXIAN PT DE CAMPAGNE, 5 OZ",False
PILON DE POULET,pilon de chicken,PICO DE GALLO CHICKEN STARTER KIT,CHICKEN,CHICKEN,False
PISSOILET,pissoilet,,,,False
PIZZA MOZZA 125G,pizza mozzarella,PIZZA MOZZARELLA CHEDDAR CHEESE,MOZZARELLA  PIZZA,"MACABEE, MOZZARELLA CHEESE PIZZA",False
PIZZA MOZZA PESTO,pizza mozzarella pesto,MOZZARELLA & PESTO PIZZA,PESTO FRESH MOZZARELLA PIZZA,PESTO MOZZARELLA ARTISAN PIZZA,False
PLATEAU FAMIGLIA,plateau famiglia,FAMIGLIA PIZZA SAUCE,ALLA FAMIGLIA FAMILY STYLE GNOCCHI,"GLUTEN FREE GNOCCHI, ALLA FAMIGLIA",False
POI: 01691910,poi 01691910,Poi,,,False
POINTS SUR MONTANT DES ACHATS,points sur montant des achats,CREMEUX DES CITEAUX,"BIG SUR BREAKFAST BURRITO, BIG SUR BREAKFAST",BIG SUR BREAKFAST BURRITOS,False
POIRES D'OLLE,pear d olle,"PEAR APPLESAUCE, PEAR","PEAR KOMBUCHA, PEAR","PEAR NECTAR, PEAR",False
POIS CHICHES,chickpea,CHICKPEA,"CHICKPEA BUTTER, CHICKPEA","CHICKPEA CHIPS, CHICKPEA",False
POISSON NUGGETS,poisson nuggets,NUGGETS,GEFILTE FISH POISSON GEFILTE IN LIQUID,ALLIGATOR NUGGETS,False
POIVRON ROUGE,bell pepper rouge,"ROUGE GOURMET CHEESE, ROUGE",BELL PEPPER STRIPS,"BELL PEPPER ZESTY RELISH, BELL PEPPER ZESTY",False
POIVRONS JAUNES,bell pepper jaunes,BELL PEPPER STRIPS,"BELL PEPPER ZESTY RELISH, BELL PEPPER ZESTY",BELL PEPPER CORN BLEND,False
POIVRONS MIX,bell pepper mix,ORGANIC MIXED BELL PEPPER,ALL NATURAL MIXED BELL PEPPERS,BELL PEPPER STRIPS,False
POIVRONS ROUGES,bell pepper rouges,BELL PEPPER STRIPS,"BELL PEPPER ZESTY RELISH, BELL PEPPER ZESTY",BELL PEPPER CORN BLEND,False
POMELO,pomelo,"POMELO SPARKLING WATER, POMELO",DRIED POMELO,DRIED POMELO,False
POMELO 9/PC,pomelo 9 pc,"POMELO SPARKLING WATER, POMELO",DRIED POMELO,DRIED POMELO,False
POMME DUCHESSE,apple duchesse,APPLE,APPLE,APPLE,False
POMME GRENA,apple grena,APPLE,APPLE,APPLE,False
POMMEOUSE ROUGE,pommeouse rouge,"ROUGE GOURMET CHEESE, ROUGE",ROUGE WASHED-RIND CHEESE,"VIN ROUGE RED WINE VINAIGRETTE, VIN ROUGE",False
POMMES BROLES,apple broles,APPLE,APPLE,APPLE,False
POMMES DROLES,apple droles,APPLE,APPLE,APPLE,False
POMMES JEUNES POUS,apple jeunes pous,APPLE,APPLE,APPLE,False
POMMETTE 500G,pommette,,,,False
POTIRON BUTTERNUT,potiron butternut,"BUTTERNUT NOODLES, BUTTERNUT","BUTTERNUT NOODLES, BUTTERNUT","BUTTERNUT NOODLES, BUTTERNUT",False
"POTIRON BUTTERNUT 1,550 KG X",potiron butternut 1 550 kg x,"BUTTERNUT NOODLES, BUTTERNUT","BUTTERNUT NOODLES, BUTTERNUT","BUTTERNUT NOODLES, BUTTERNUT",False
POUSS MIK,pouss mik,,,,False
PR.SAN DANIELE,pr san daniele,PROSCIUTTO DI SAN DANIELE,"PRINCIPE, PROSCIUTTO DI SAN DANIELE","PRINCIPE, PROSCIUTTO DI SAN DANIELE",False
PREIS BEURRE 250G,preis butter,BUTTER,BUTTER,BUTTER,False
PREIS BEURRE FT D,preis butter ft d,SUSHI COMBO D,VITAMIN D MILK,VITAMIN D MILK,False
PRESID BEURRE 250G,presid butter,"PRESIDENT, LIGHT BUTTER",BUTTER,BUTTER,False
PRITT CORRECT-IT,pritt correct it,ISN'T IT BUTTER,MIX IT UNIVERSAL,"CHEEZE IT UP CRUNCHY KALE, CHEEZE IT UP",False
PROMO,promo,PROMO - PHILLY ROLL,PROMO - SHRIMP ROLL,"PROMO - SALMON ROLL, SALMON",False
"PROMO-BOOST -1,21",promo boost 1 21,ENERGY BOOST,IMMUNITY BOOST,SMOOTHIE BOOST,False
"PROMO-BOOST -3,00",promo boost 3 00,"Flour, 00","flour, 00",ENERGY BOOST,False
"PROMO-BOOST -4,36",promo boost 4 36,ROTINI 36,ENERGY BOOST,IMMUNITY BOOST,False
PROSC CRUDO ITALIA,prosc crudo italia,PROSCIUTTO CRUDO,ITALIA STRACCIATELLA,ITALIA CHILI PESTO,False
PROSCIUTTO ITALIA,prosciutto italia,PROSCIUTTO D'ITALIA,"MARIANOS, PROSCIUTTO D'ITALIA","PROSCIUTTO ITALIANO, ITALIANO",False
PROTEIN DR FRAI,protein dr frai,DR PEPPER,DR TOPPER,"DR PEPPER CAKE, DR PEPPER",False
PT SUISSE M 6X60G,pt suisse m 6x60g,CHICKEN PT,CHICKEN PT,GOOSE PT,False
RAISIN MIX 500G,grape mix,GRAPE DRINK MIX,GRAPE DRINK MIX,"GRAPE DRINK MIX WITH CAFFEINE, GRAPE",False
RAISIN MLK 500G,grape mlk,MLNO DBL MLK,GRAPE,GRAPE,False
RAISIN ROUGE SA PE,grape rouge sa pe,"GRA PE JUICE COCKTAIL, GRAPE","ROUGE GOURMET CHEESE, ROUGE",LAK SA PASTE,False
RAN POMPADURINETTE 15,ran pompadurinette 15,"15 GRAIN BREAD, 15 GRAIN",15 BEAN SOUP,15 BEAN SOUP,False
RAVIOLI POMODORI,ravioli pomodori,"PASSATA, SAN MARZANO POMODORI",RAVIOLI,RAVIOLI,False
RAVIOLI RIC&SPIN,ravioli ric spin,RICOTTA SPINACH RAVIOLI,SPINACH RICOTTA RAVIOLI,ENRICHED RIC,False
REDUCTION NUTRI-BOOST,reduction nutri boost,BALSAMIC REDUCTION,BALSAMIC REDUCTION,ENERGY BOOST,False
REDUCTION S/ARTICLE,reduction s article,BALSAMIC REDUCTION,BALSAMIC REDUCTION,BALSAMIC REDUCTION SONOMA,False
REDUCTION S/ARTICLE MANGUE,reduction s article mango,BALSAMIC REDUCTION,BALSAMIC REDUCTION,BALSAMIC REDUCTION SONOMA,False
RHIZIN MUS 500G,rhizin mus,98% FF CR MUS,,,False
RINSETAK,rinsetak,,,,False
RIZ DLONG BIO,rice dlong bio,ZOO BIO PASTA,BIO ACTIVE MANUKA HONEY,RICE,False
ROMB CACHET DOR G,romb cachet dor g,"HONEY G CRAFT GIARDINIERA, HONEY G",G FUEL PEWDIEPIE,GARLIC SALT G,False
ROSBIEF,rosbief,,,,False
ROSBIF,roast beef,ROAST BEEF,ROAST BEEF,ROAST BEEF,False
ROSEB,roseb,,,,False
ROSEIF,roseif,,,,False
ROSENET PURE PORC,rosenet pure pork,PORK,PORK,PORK,False
ROSETTE,rosette,8 S/L ROSETTE AND BALLOON GOLD CAKE,,,False
ROSETTE PURE PORC,rosette pure pork,PORK,PORK,PORK,False
ROSTIER PURE DORC,rostier pure dorc,PURE ALMONDMILK,PURE GHEE,PURE HONEY,False
ROSTY,rosty,,,,False
ROTI DE VEAU,roti de veal,ROTI PRATHA,"VEAL DUMPLINGS, VEAL","VEAL DEMI GLACE, VEAL",False
ROZZA BUFALINA,rozza buffalo mozzarella,BUFFALO MOZZARELLA,"BUFFALO MOZZARELLA CHEESE, BUFFALO",BUFFALO MILK MOZZARELLA,False
SAC A PAIN TRADITIONNEL,sac a bread traditionnel,SAC SAC GRAPE,CAMEMBERT TRADITIONNEL,"ASSI, SAC SAC GRAPE",False
SAC PAIN BASIC N2,sac bread basic n2,SAC SAC GRAPE,"ASSI, SAC SAC GRAPE","LOTTE, SAC SAC GRAPE",False
SAIL SURIMI-CRABE,sail surimi crabe,"Fish, surimi",SURIMI SALAD,CHILLED SURIMI FLAKES,False
SAL BLE EMB 100GR,sal wheat emb 100gr,SIN SAL MANTEQUILLA,"TORTILLA CHIPS, SAL Y LIMON",CREMA CON SAL GRADE A SOUR CREAM,False
SAL BLEME 100GR,sal bleme 100gr,SIN SAL MANTEQUILLA,"TORTILLA CHIPS, SAL Y LIMON",CREMA CON SAL GRADE A SOUR CREAM,False
SAL. PRINTANIERE /J,sal printaniere j,SIN SAL MANTEQUILLA,"TORTILLA CHIPS, SAL Y LIMON","PB & J GRANOLA, PB & J",False
SAL. SURIMI-CRABE,sal surimi crabe,"Fish, surimi",SURIMI SALAD,SIN SAL MANTEQUILLA,False
SALAD ITALIAN,salad italian,ITALIAN SALAD,ITALIAN SALAD,ITALIAN SALAD,False
SALAD MEXIC STYLE,salad mexic style,MEXICAN STYLE SALAD,MEXICAN STYLE SALAD,"SALAD STYLE RIPE OLIVES, SALAD STYLE",False
SALAD MOROCCA,salad morocca,MOROCCAN SALAD WITH HARISSA DRESSING,ORGANIC MOROCCAN INSPIRED SALAD WITH CHICKEN,SALAD,False
SALADE FOLLET,salad lettuce follet,SPANISH LETTUCE SALAD,BUTTER LETTUCE AND RED LEAF LETTUCE SALAD,BABY LETTUCE,False
SALADE POULET,salad lettuce chicken,CHICKEN SALAD SUB ROLL W/ LETTUCE & TOMATO,SPANISH LETTUCE SALAD,BUTTER LETTUCE AND RED LEAF LETTUCE SALAD,False
SALADE ROUGET,salad lettuce rouget,SPANISH LETTUCE SALAD,BUTTER LETTUCE AND RED LEAF LETTUCE SALAD,BABY LETTUCE,False
SALADE TOILET,salad lettuce toilet,SPANISH LETTUCE SALAD,BUTTER LETTUCE AND RED LEAF LETTUCE SALAD,BABY LETTUCE,False
SALAMI ROULET,salami roulet,SALAMI,SALAMI,SALAMI,False
SALAMI TRUFFES PAR,salami truffes par,"CEMOI, TRUFFES","TRUFFES SOFT RIPENED CHEESE, TRUFFES",LES TRUFFES CREATIVES,False
SAN MARZANO,san marzano,SAN MARZANO TOMATOES,SAN MARZANO BLOODY MARY,SAN MARZANO BLEND* PIZZA SAUCE,False
"SAN MARZANO 1,650 KG X",san marzano 1 650 kg x,SAN MARZANO TOMATOES,"PASSATA, SAN MARZANO POMODORI",SAN MARZANO BLOODY MARY,False
SAN PELLEGRINO,san pellegrino,DE SAN ANTONIO,SAN DIEGO SOURDOUGH,SAN FRANCISCO BLEND,False
SANPELLEGRINO,sparkling water,SPARKLING WATER,SPARKLING WATER,SPARKLING WATER,False
SAPTAF APPEL,saptaf appel,,,,False
SAUCE PIMENT SRIRA,sauce piment srira,HOT SAUCE PIMENT CHO,"MIXED PICKLE, HOT CHILI, PIMENT FORT","SPICY MANGO PICKLE, HOT CHILLI PIMENT FORT",False
SAUCIE POULET,saucie chicken,CHICKEN,CHICKEN,CHICKEN,False
SAUCISSE P&V,sausage p v,"SAUSAGE VEGGIE PIZZA BITES, SAUSAGE",CAMPBELL'S GRAVY SAUSAGE,CAMPBELL'S GRAVY SAUSAGE,False
SAUCISSON JAMBON,saucisson ham,SAUCISSON SEC,DUCK SAUCISSON DRIED SAUSAGE,HAM,False
SAUM FUM CHAU ANET,saum fum chau anet,"LEE, SATE TRIEU CHAU",KIMLAN LOU CHAU SOY SAUCE,KIMLAN SANG CHAU SOY SAUCE,False
SAUMON BELLE-VUE,salmon belle vue,"BELLE TRACKS ICE CREAM, BELLE TRACKS",BELLE TRACKS ICE CREAM,SALMON,False
SAUMON FUME,salmon fume,SALMON,SALMON,SALMON,False
SAUMON FUME DL,salmon fume dl,"DL YELLOW SUNFLOWER CAKE, YELLOW",SALMON,SALMON,False
SCHWEPPES TON,tonic water ton,TONIC WATER,TONIC WATER,TONIC WATER,False
SERVIETTE PAQUES,serviette paques,,,,False
SERVIETTES 33CM,serviettes 33cm,,,,False
SH A DEL MEN PURE,sh a del men pure,GINGERBREAD MEN,GINGERBREAD MEN,GINGERBREAD MEN,False
SHERBET 1L,sherbet,SHERBET,SHERBET,SHERBET,False
SHEZZA PATE PIZZA,shezza pasta pizza,PIZZA PASTA,"ORGANIC PIZZA PASTA SAUCE, PIZZA PASTA",CHEESY PIZZA PASTA,False
SHRIMY MACASSOU,shrimy macassou,,,,False
SN 80836950,sn 80836950,,,,False
SOMA CANOLA,soma canola,CANOLA MAYONNAISE,CANOLA OIL,CANOLA OIL,False
SOMA CHOCOLAT BIO,soma chocolate bio,ZOO BIO PASTA,BIO ACTIVE MANUKA HONEY,10+ BIO ACTIVE MANUKA HONEY,False
SOMA CRUNCHY CREAM,soma crunchy cream,CRUNCHY ICE CREAM CONES,"CRUNCHY GHERKINS, CRUNCHY","CRUNCHY SAUCE, CRUNCHY",False
SOMA MULTIGRAIN 40,soma multigrain 40,MULTIGRAIN,"MULTIGRAIN BAGELS, MULTIGRAIN","MULTIGRAIN BAGELS, MULTIGRAIN",False
SOMI MULTIGRAIN 40,somi multigrain 40,MULTIGRAIN,"MULTIGRAIN BAGELS, MULTIGRAIN","MULTIGRAIN BAGELS, MULTIGRAIN",False
SOML BECEL HUILE,soml becel oil,OIL,ALMOND OIL,ALMOND OIL,False
SOMM SUMM. ECOS,somm summ ecos,,,,False
SONA MULTIGRAIN 40,sona multigrain 40,SONA MASOORI RICE,SONA MASOORI RICE,MULTIGRAIN,False
SPAGHETTI 500G,spaghetti,SPAGHETTI,SPAGHETTI,SPAGHETTI,False
SPINAZIE 450GR,spinazie 450gr,,,,False
SPRITAIT FRAI,sparkling water frai,SPARKLING WATER,SPARKLING WATER,SPARKLING WATER,False
SRI MARZANO,sri marzano,S. MARZANO TOMATO,SAN MARZANO TOMATOES,SRI LANKAN COCONUT MEAL KIT,False
ST MENA 1/2 PRIX,st mena 1 2 prix,2 IN 1 SPOUT SPRINKLE MIX,SPLITS 2 IN 1 SOFT CHEWS,SCALLOP ST JACQUE,False
STAEDTLER 4 FLUOS,staedtler 4 fluos,"4 CHEESE RAVIOLI, 4 CHEESE","4 CHEESE RAVIOLI, 4 CHEESE","4 CHEESE SAUCE, 4 CHEESE",False
STEAK 1/2 PRIX,steak 1 2 prix,BEEF T-BONE STEAK 1 1/8,BEEF T-BONE STEAK 1 1/8,BEEF T-BONE STEAK 1 1/8,False
STEVIA FRUITS BOIS,stevia fruits bois,STEVIA,STEVIA,STEVIA,False
STEW MARINE,stew marine,MARINE PURIFIED SALT,WILD MARINE BLUEBERRY,"STEW VEGETABLES, STEW",False
STOKBROOD,stokbrood,,,,False
SUZI CHOCO LAIT 8P,suzi choco milk 8p,MILK CHOCO BLOCK,"MILK CHOCOLATE, CHOCO","CHOCO MINIS MILK CHOCOLATE, CHOCO MINIS",False
SUZY CHOCO LAIT BP,suzy choco milk bp,MILK CHOCO BLOCK,"MILK CHOCOLATE, CHOCO","CHOCO MINIS MILK CHOCOLATE, CHOCO MINIS",False
T NOIR DE NOIR C.DO,t noir de noir c do,CHOCOLAT NOIR,PINOT NOIR,PINOT NOIR,False
T.O.I COMTE AOP,t o i comte aop,COMTE CHEESE,D E L I C I O U S POPCORN,GRUYERE AOP CHEESE,False
TACO DINN KIT,taco dinn kit,TACO DINNER KIT,TACO DINNER KIT,TACO DINNER KIT,False
TAGLIATELLE 300G,tagliatelle,TAGLIATELLE,TAGLIATELLE,"TAGLIATELLE EGG PASTA, TAGLIATELLE",False
TELLICHERRY PEPPER,tellicherry pepper,TELLICHERRY BLACK PEPPER,TELLICHERRY GROUND BLACK PEPPER,TELLICHERRY GROUND BLACK PEPPER,False
TERUG,terug,,,,False
TICKET CLIENT,ticket client,,,,False
TIMBRE(S) MASCOTTE REU,timbre s mascotte reu,S SUPER COLA,SUPER S SODA,THE S COOKIE,False
TM BENNEE NOTEN,tm bennee noten,,,,False
TOAST KRAKANT HAU,toast bread krakant hau,FRENCH TOAST BREAD,TEXAS TOAST BREAD,TEXAS TOAST BREAD,False
TOAST KROKANT HAU,toast bread krokant hau,FRENCH TOAST BREAD,TEXAS TOAST BREAD,TEXAS TOAST BREAD,False
TOAST ORIGINA,toast bread origina,"ORIGINAL TEXAS TOAST BREAD, ORIGINAL",FRENCH TOAST BREAD,TEXAS TOAST BREAD,False
TOFFEE GRAPPE,toffee grappe,TOFFEE,TOFFEE,TOFFEE,False
TOM BELG GRAPP,tom belg grapp,"TOM TOM SAUCE, TOM TOM",TOM TOM SAUCE,Tom Collins,False
"TOM BELG GRAPP 1,055 KG X 3,49/ KG",tom belg grapp 1 055 kg x 3 49 kg,SWORDFISH LOINS 2-6 KG,SWORDFISH LOINS 2-6 KG,SWORDFISH LOINS 2-6 KG,False
TOM.CERISES,tom cherry,"CHERRY TOMATOES, CHERRY",CHERRY TOMATOES,CHERRY TOMATOES,False
TOMAT TOAST ROMARIN,tomat toast bread romarin,FRENCH TOAST BREAD,TEXAS TOAST BREAD,TEXAS TOAST BREAD,False
TOMATE CERISE 400G,tomato cherry,"CHERRY TOMATO BRUSCHETTA, CHERRY TOMATO","CHERRY TOMATO PASSATA, CHERRY TOMATO","CHERRY TOMATO SAUCE, CHERRY TOMATO",False
TOMATE CERISE GRAP,tomato cherry grap,"CHERRY TOMATO BRUSCHETTA, CHERRY TOMATO","CHERRY TOMATO PASSATA, CHERRY TOMATO","CHERRY TOMATO SAUCE, CHERRY TOMATO",False
TOMATE GRAPPE,tomato grappe,TOMATO,TOMATO,"TOMATO BASIL, TOMATO",False
TOMATE SAN MARZANO,tomato san marzano,SAN MARZANO TOMATOES,SAN MARZANO TOMATO PASTA SAUCE,"MARINARA, SAN MARZANO TOMATO PASTA SAUCE",False
TOMATE SAV GRAPPE,tomato sav grappe,CKY SAV CHIC W/RIC,CKY SAV POT RST,TOMATO,False
TOMATE SAY GRAPPE,tomato say grappe,"SAY CHEEZE! COCONUT CHIPS, SAY CHEEZE!",SAY CHEESE CRACKERS,TOMATO,False
TOMATES CERISE 1.5KG,tomato cherry 1,"CHERRY TOMATO BRUSCHETTA, CHERRY TOMATO","CHERRY TOMATO PASSATA, CHERRY TOMATO","CHERRY TOMATO SAUCE, CHERRY TOMATO",False
TOMATES CERISE 1KG,tomato cherry,"CHERRY TOMATO BRUSCHETTA, CHERRY TOMATO","CHERRY TOMATO PASSATA, CHERRY TOMATO","CHERRY TOMATO SAUCE, CHERRY TOMATO",False
TOMATES GRAPPE,tomato grappe,TOMATO,TOMATO,"TOMATO BASIL, TOMATO",False
TORTELLIS BASIL,tortellis basil,BASIL,BASIL,BASIL,False
TORTELLO TOM,tortello tom,"TOM TOM SAUCE, TOM TOM",TOM TOM SAUCE,Tom Collins,False
TORTELLONI BASILI,tortelloni basili,TORTELLONI,TORTELLONI,TORTELLONI,False
TORTILLA BIO,tortilla bio,ZOO BIO PASTA,TORTILLA,TORTILLA,False
TOTAAL,totaal,,,,False
TOTAL,total,TOTAL CANDY,TOTAL SEASONING,TOTAL SEASONING,False
TOTAL POINTS TICKET,total points ticket,SAZONADOR TOTAL,TOTAL CANDY,TOTAL SEASONING,False
TOTAL TIMBRE(S) TICKET MASCOTTE,total timbre s ticket mascotte,SAZONADOR TOTAL,TOTAL CANDY,TOTAL SEASONING,False
TOURNEDOS BOEUF,tournedos beef,BEEF,BEEF,BEEF,False
TR.ORIGINAL 180G,tr original,"ORIGINAL NUTRITIONSHAKE, ORIGINAL","ORIGINAL STRING, ORIGINAL",ORIGINAL STRING,False
TRAITEUR,traiteur,,,,False
UDON NOUILLES,udon nouilles,UDON,"UDON ORGANIC NOODLES, UDON","UDON STIR-FRY NOODLES, UDON",False
UL DOUX SH CAMIL,ul doux sh camil,"DOUX SOUTH, CREOLE MUSTARD","DOUX SOUTH, PICKLED BLACK-EYED PEAS","DOUX SOUTH, SPICY CUCUMBER PICKLES",False
ULTRA DOUX SH MERV,ultra doux sh merv,"DOUX SOUTH, CREOLE MUSTARD",ULTRA APRICOTS,ULTRA CRANBERRIES,False
VEET CREME DEP.JAM,veet cream dep jam,JAM,JAM,JAM,False
VEET MINIMA VISAGE,veet minima visage,,,,False
VEGAN GOUDA 120GR,vegan gouda cheese 120gr,GOUDA  CHEESE,GOUDA CHEESE,GOUDA CHEESE,False
VELDSLAA,veldslaa,,,,False
VERMICEL LAIT,vermicel milk,MILK,MILK,MILK,False
VIDANGE VAL 0.6E,vidange val 0 6e,0,WONDER NOODLES 0 NET CARBS 0 CALORIES ZITI,0 CALORIE ASPARTAME SWEETENER,False
VIDAVAL VAL 1.2E,vidaval val 1 2e,CONVERSATION HEARTS VAL PALS CANDY,VAL PALS WITH CANDY CONVERSATIONAL HEARTS,1 TO 1 BAKING FLOUR,False
VIDEOTEC VAL 0.6E,videotec val 0 6e,0,WONDER NOODLES 0 NET CARBS 0 CALORIES ZITI,0 CALORIE ASPARTAME SWEETENER,False
VILEDA EPON UNIVER,vileda epon univer,,,,False
VINIGRE VIN BLANC,vinigre vin blanc,"GOYA, QUESO BLANC","VIN ROUGE RED WINE VINAIGRETTE, VIN ROUGE",BLANC GRUE GRUYERE CHEESE,False
VLINDERS,vlinders,,,,False
"VLINDERS 0,655 KG X",vlinders 0 655 kg x,0,WONDER NOODLES 0 NET CARBS 0 CALORIES ZITI,0 CALORIE ASPARTAME SWEETENER,False
VOLAILLE/GIBIER,volaille gibier,,,,False
WASABI GREEN 400G,wasabi green,"WASABI GREEN PEAS, WASABI","WASABI GREEN PEAS, WASABI",WASABI GREEN PEAS,False
WRAP TORTILLA,wrap tortilla,TORTILLA WRAP KIT,TORTILLA WRAPS,TORTILLA WRAPS,False
WRAPS DE BLE,wrap tortilla de wheat,TORTILLA WRAP KIT,WHEAT TORTILLA,"WHEAT TORTILLA WRAPS, WHEAT",False
YAOURT MIGRE BIO,yogurt migre bio,ZOO BIO PASTA,BIO ACTIVE MANUKA HONEY,YOGURT,False
ZESPRI KINE GOLD D,zespri kine gold d,"Kiwifruit, ZESPRI SunGold, raw","GOLD CAKE, GOLD","GOLD POTATOES, GOLD",False
ZESPRI KIWI GOLD,zespri kiwi gold,"Kiwifruit, ZESPRI SunGold, raw",GOLD KIWI BLEND REVIVER,KIWI,False
ZIEM A 1//2 PRIX,ziem a 1 2 prix,A,2 IN 1 SPOUT SPRINKLE MIX,SPLITS 2 IN 1 SOFT CHEWS,False
ZIEME A 1/2 PRIX,zieme a 1 2 prix,A,2 IN 1 SPOUT SPRINKLE MIX,SPLITS 2 IN 1 SOFT CHEWS,False
ZIJNE 1/2 PRIX,zijne 1 2 prix,2 IN 1 SPOUT SPRINKLE MIX,SPLITS 2 IN 1 SOFT CHEWS,56 PUFF PASTRY MINI HORN 1 x 2,False
