name,count
AVOCAT,35
HACHIS PORC-VEAU,30
HET TRAAGSTE BROOD P,29
MANGUE,29
BIO BANANEN,17
MOZZARELLA MAXI,16
MOZZARELLA 125GR,15
BRUIN STOKBROOD KLEI,12
6PC POMME PINK LAD,9
CAROTTES BIO,9
D365 CREME 20 CL,9
LINDT EXCELLENCE,9
100GR JEUNES POUSS,7
200GR HOUMOUS,7
HERTA JAMBON SUP,7
CARPACCIO,6
COURGETTES,6
DANONE ACT FRAISES,6
DES DE FILET THAI,6
125GR MESCLUN,5
360G CRUNCHY CREAM,5
375G CHOCO LAIT,5
HACHIS BOUEF/PORC,5
HET TRAAGSTE BROOD,5
JAMBON CUIT AU FOU,5
ROSBIF,5
400G NUTELLA,4
AUBERGINES,4
DINOSAURUS CHOCOLA,4
DUO PACK PINK LADY,4
EMIN POUL CUIT BBQ,4
FILET PUR DE PORC,4
HACHIS BOEUF&PORC,4
MERCERENSTOK.GROO,4
NOISETTES D AGNEAU,4
NUGGETS,4
OEUFS COLUMBUS,4
PIZZA MOZZA PESTO,4
ROSETTE,4
SALADE POULET,4
SAUCISSE P&V,4
TOMATE CERISE GRAP,4
TRAITEUR,4
100G DLF 4 BOUCHEE,3
185G LAYS NATUREL,3
185G LAYS S&L.PEP,3
200GR EPINARD JEU,3
4X4G DOUBLE LAIT,3
500G SP K LAIT CHO,3
CITRONS,3
CREME 20 CL,3
FRUIT & LEGUMES,3
GERLINEA CHOCOLAT,3
HERTA LARDNS NATUR,3
JEUNE POUSSE MIX,3
KIWI VERT,3
MANDARINES,3
MEDAILLON DE VEAU,3
MEERGRANENSTOKB.GROO,3
MIKADO CHOC LAIT,3
MYRTILLES 500GR,3
PAIN DE VIANDE,3
PATE A PIZZA,3
PICCOLINI PENNE,3
RAVIOLI POMODORI,3
SAN MARZANO,3
UDON NOUILLES,3
100G COTE D'OR PAI,2
185G LAYS S&BL.DEP,2
2400 G SANS GL/LAC,2
250G DLI TORT RIC,2
250G LAVAZZA ROMA,2
250G TORTELLO TOM,2
250GR TOGRELLO TOM,2
2PC MINI CAKE CHO,2
300G POMME PINK LAD,2
350G GRANOLA CHOC,2
400G TOM.CRISES,2
450G DLT FOIS BIOL,2
500GR L RIS GRAI,2
6X33 SCHWEPPES LEM,2
ACDC FILET POULET,2
AUBEL BEURRE 500G,2
AVANTAGES,2
BANANEN,2
BIO CAROTTES,2
BIO GUACAMOLE DOUX,2
BIOESCHE FILET POUL,2
BOURSIN POIVRE,2
BURGER 100 % DE BO,2
BUTCHER BURGE,2
CELERI VERT,2
CHOUX CHINOIS,2
CLEMENTINES FEUIL,2
COCKTAIL GRAPE TO,2
DEL JAM CUT DEGR,2
DELTO VEG CHIC CUR,2
DES DE POULET,2
DLC PAIN BIO,2
DOL PIZZA MARGH,2
EXCELLENCE 70,2
EXCELLENCE 70%,2
FAIRBEL 1/2 E,2
FILET DE POULET,2
FILET POITRINE DE,2
FILET PUR DE DORC,2
FRAISE 400GR,2
FRAISE 500G,2
GALBANI CROCC MOZZ,2
GOUDA TRANC JEUNE,2
GPC POMC PINK LAD,2
GRILLADE CURRY DOU,2
GUACAMOLE DOUX,2
HACHIS,2
HACHIS BOEUF§DORC,2
HARICOT PRIN 500GR,2
HARICOTS FINS 400G,2
HERTA LARDNS NAT,2
HMC SERVIETTE 33CM,2
HOUMOUS,2
HUMMUS,2
JAMBON 4 1 OS AUTH,2
JAMBON A L OS AUTH,2
JOLIBOIS OEUFS 5+1,2
KIWI SUNGOLD XL,2
LE BEURRE BIO,2
LINDET EXCELLENCE,2
LINDEX EXCELLENCE,2
LINDT EXC12 CCAO,2
LINGOT EXCELLENCE,2
MAGUE,2
MANDARINES A FEUIL,2
MINI BUTCHER BURGE,2
MOUSSEL POM.MATER,2
MOUSSEL.POM.MATER,2
NECTARINE JAUNE,2
NIVEA ST. CLEAR,2
OEUFS BIO 12 PCS,2
OIGNONS JAUNE 1KG,2
PERSIL EN POT BIO,2
PILON DE POULET,2
PRESID BEURRE 250G,2
PROSC CRUDO ITALIA,2
RAISIN ROUGE SA PE,2
RAVIOLI RIC&SPIN,2
ROSTIER PURE DORC,2
ROTI DE VEAU,2
SAUM FUM CHAU ANET,2
SAUMON FUME,2
SAUMON FUME DL,2
SHEZZA PATE PIZZA,2
SOMI MULTIGRAIN 40,2
STEW MARINE,2
TOAST KROKANT HAU,2
TOM BELG GRAPP,2
TOMATE GRAPPE,2
TORTELLONI BASILI,2
WRAPS DE BLE,2
ZIJNE 1/2 PRIX,2
1 PATRON BUTTERNUT,1
"1,640 Kg x",1
1.5L SCHWEPP MOJIT,1
1.5L VICHY CELEST,1
10 M GEL LIEN FIX,1
100ML MERC 70%ALC,1
120G BLINI LEG BIO,1
125G BOULES PAPRIK,1
125G EAGLES CHEESE,1
15 DREFT ADM PLAT,1
150G MILKA CHO TUT,1
185G LAYS PAPRIKA,1
1ST B'BETJIME BIO,1
1TR CLASSIC BIO,1
2+1 GRATUIT,1
20 NO STRESS BIO,1
200G DLL FOIS BIOL,1
200G NUTELLA,1
200G PETAIND JEU,1
200GR HUMOUS,1
200GR. HOUMOUS,1
2025 GINGER BIO,1
205 POISSA RELAX BIO,1
205 ST OAL BIO,1
2065 PEHL NEW BIO,1
24 DLI BOUGIES,1
240G GAUF VANI CHO,1
250G CRUNCHY BIO,1
250G NOCCIOLAT BIO,1
250G PATE TARTINER,1
250G PEST BASIL,1
286G FITNESS BAGUE,1
2R DIL ESS TT DEC,1
3 MOUSQUET NOIS BIO,1
300G LOTUS JUM GAU,1
300G SW WIT NOUILL,1
325G PAT CAC CREME,1
364ML DOUX REM MERV,1
375G XTRA CHO NOIR,1
3X400G TOMAT PEL C,1
4 STUK,1
400G DLI PATE NOIS,1
400G EXQUISE BAG,1
400G MUC DUCHE DDL,1
400G SAUMON FUM NOR,1
400GR TOM CERISES,1
400GR TOM.CRISES,1
400ML LAIT DE COCO,1
450G DIL BOIS BIOL,1
450G NESQUIK CEREA,1
4OOG NUTELLA,1
500 POCHETTES PERF,1
500G COUSCOUS PERL,1
500G ESRP GRAINS,1
500G MIX 7 LAIT CHO,1
500G PEST AL EBR,1
500G SP 3X LAIT CHO,1
500ML ERA SIRO BIO,1
500ML HEINZ KETCH,1
50CC SQC CANE C FT,1
580G CHOCOS,1
5G SM SAFFRAN,1
6 WRAPS DE BLE,1
600G DFL POMME PIN,1
600G PM DUCH DIL,1
6X25CL JUPILER BAS,1
6X33CL SCH GINGER,1
70G PATE CURRY JAU,1
ACTIVIA MAXI MA,1
BALADE CREME 1L,1
BASILIC 20G,1
BASILIC EN POT BIO,1
BATEIN ROUGE SA PE,1
BEN RIZ COMPLET,1
BIG MEG 100GR,1
BIO BANANE,1
BIO BANANES,1
BIO CAPOTES,1
BIO CITRON 4PC,1
BIO CITRON QC,1
BIO ECHALOTE,1
BIO GINGEMBRE,1
BIO GOUTA TRANCHES,1
BIO HOUMOUS 200G,1
BIO PICCOLOS AVIONE,1
BISCUITS BAGUE,1
BM 335G FRAMBOISE,1
BOITE POIREAU,1
BOKMAAN DET. SANG,1
BROCHETTE PORC MA,1
BROCOLI,1
BRUIN STOETBROOD KLEI,1
BURGER ANGUS,1
CAME FROM FR ENT,1
CARLSB BEURRE FT D,1
CARLSBERG BEURRE SALE,1
CAROTTES 500GR,1
CAROTTES Bio,1
CEREQUICK 1000GR,1
CHICKEN NUGGETS,1
CHIPS 147G S&BL.PE,1
CHOU-FLEUR,1
CIBOULETTE BIO,1
CINEMA 7 1/2 PRIX,1
CITRON VERT,1
CITRON VERT 500G,1
CLEMENTINES A FEU,1
"CLEMENTINES A FEUT 1,105 Kg",1
COCIGRETTES,1
COEUR DOUX LIT GEM,1
CONCOMBRE 4PC,1
CONF. NOSTALGIE,1
CONFERENCE 4PC,1
CONFRENCE 4PC,1
COOP HOUMOUS,1
COQUETTES,1
D&L BEURRE BIO,1
D&L MAYO TD,1
D3G5 SAES BOUB 30L,1
D4L SG BRAZIL,1
DACS 200 BAT OUATE,1
DALI HUILE OLIV EX,1
DIK STOKBROOD,1
DIKKE AJUIN,1
DILL FOCACCIA BAS T,1
DINOSAURE CEREALE,1
DLC TRESOR MILK,1
DLI PIZZA MARGH,1
DLL CREME LL,1
DOS DE CABILLAUD,1
DRAAIGATS,1
DRAAKJES,1
DRAGAS,1
DUL CAMOMILE DOUX,1
ELVEA TOM PEL CUBE,1
EMINC POULET,1
ENTREM. DEGUST.250G,1
EPINARDS,1
EPINARDS 500GR,1
FAIREBEL 1/2 E,1
FARBEL ENTIER,1
FASTER 1/2 E,1
FEVES A COUP 400GR,1
FIGUE FRAICHE,1
FLEURS 36,1
FRAISES 500G,1
FRAMBOIS 125G,1
FRESH CLEAN BR PEP,1
FROMAGE ENTIE,1
GALBANI MOZZA 125G,1
GRAN CHOC&NO,1
GROENE SELDER PER ST,1
GROENTEA CAFE TRAP,1
GUAC MEUS NOI,1
GUACRACHO 11,1
HARICOT PAIN 500GR,1
HERITAGE PATÉ ZNE RON,1
HERTA BLINIS 2KG,1
HERTA LRDNS NAT,1
HERTA LRDNS NATUR,1
HERTA MINI PI,1
HET TRAAGSTE BROOD D,1
HG DETACH SPEC 1,1
HG DETACH SPEC 7,1
HGK RCH PG MCH,1
HMC COR,1
HUMMUS PINK LAD,1
HUMOUS,1
ITAL STYLE GRAINS,1
JAMBON DE FERME,1
K&K 40%,1
KAKI 4P,1
KIPFILET BLOND XL,1
KIWI GOLD,1
KIWI JAUNE,1
KIWI JAUNE 500G,1
KROK FLOCONS LAIT,1
LIEGEOIS GOUT CAFE,1
LINTF EXCEL CACAO,1
LITCHIS,1
MANDARINES FEUILLE,1
MARCHEOUS BLOC TRA,1
MASCARPONE SL 500G,1
MEERGRANENSTOK.GROO,1
MEGA CRUNCHY CREAM,1
MENTHE GROS PO BIO,1
MGA MELLO CAKE,1
MINI SPECULOOS CHO,1
MINT GRENAILLES 50,1
MINT-PIMENTS MIX,1
MIXTEARD 250G IMPE,1
MOUSSE MOKKA,1
MRK 30 MELO CAKES,1
NECTARINE BLANCHE,1
NESCAFE ESPRESSO,1
NIVEA ROLL DRY IMP,1
OEUFS COLOMBUS,1
OEUFS COQUUES,1
OEUFS FRAIS BIO 12PC,1
OIGNONS JAUNES:2KG,1
OLIVE DENOYA 130G,1
OLIVES KALAMATA,1
ORANGES 4P,1
PACK PINK LADY,1
PAMPLEMOUSSE ROUGE,1
PASTEQUE MINI,1
PEREN,1
PLATEAU FAMIGLIA,1
POIRES D'OLLE,1
POISSON NUGGETS,1
POIVRONS JAUNES,1
POIVRONS MIX,1
POIVRONS ROUGES,1
POMELO 9/PC,1
POMMES BROLES,1
POMMES DROLES,1
PRITT CORRECT-IT,1
RAISIN MIX 500G,1
RAISIN MLK 500G,1
RINSETAK,1
ROSBIEF,1
ROSETTE PURE PORC,1
SAC PAIN BASIC N2,1
SAIL SURIMI-CRABE,1
SAL. PRINTANIERE /J,1
SALAD ITALIAN,1
SALAD MEXIC STYLE,1
SALAD MOROCCA,1
SALADE FOLLET,1
SALADE TOILET,1
SAUMON BELLE-VUE,1
SERVIETTE PAQUES,1
SERVIETTES 33CM,1
SHRIMY MACASSOU,1
SOMA MULTIGRAIN 40,1
SOML BECEL HUILE,1
SOMM SUMM. ECOS,1
SONA MULTIGRAIN 40,1
SPAGHETTI 500G,1
SPINAZIE 450GR,1
SRI MARZANO,1
ST MENA 1/2 PRIX,1
STAEDTLER 4 FLUOS,1
STEAK 1/2 PRIX,1
STEVIA FRUITS BOIS,1
STOKBROOD,1
SUZY CHOCO LAIT BP,1
T NOIR DE NOIR C.DO,1
TOM.CERISES,1
TOMAT TOAST ROMARIN,1
TOMATE CERISE 400G,1
TOMATE SAN MARZANO,1
TOMATE SAY GRAPPE,1
TOMATES CERISE 1.5KG,1
TOMATES CERISE 1KG,1
TOMATES GRAPPE,1
TORTELLIS BASIL,1
UL DOUX SH CAMIL,1
ULTRA DOUX SH MERV,1
VEET CREME DEP.JAM,1
VEET MINIMA VISAGE,1
VIDEOTEC VAL 0.6E,1
VINIGRE VIN BLANC,1
WASABI GREEN 400G,1
YAOURT MIGRE BIO,1
ZESPRI KINE GOLD D,1
